cov_nr,arm,arm_explanation,needs_discussion_arm,needs_discussion_arm_explanation,n,time_intervention_days,time_followup_days,time_total_days,needs_discussion_time,needs_discussion_time_explanation,diagnosis,gender_pct_female,gender_pct_male,gender_female_n,gender_male_n,needs_discussion_gender,needs_discussion_gender_explanation,age_mean,age_sd,age_se,age_other,bmi_mean,bmi_sd,bmi_other,bp_systolic_mean,bp_systolic_sd,bp_diastolic_mean,bp_diastolic_sd,bp_other,smoking_status,pack_years_mean,pack_years_sd,pack_years_other,smoking_status_other,fev1_pct_mean,fev1_pct_sd,fev1_other,disease_severity_other,healthcare_setting,healthcare_setting_explanation,healthcare_setting_confidence,healthcare_setting_confidence_explanation,health_literacy,health_literacy_instrument_name,health_literacy_instrument_value,health_literacy_instrument_other,digital_strategy_excludes,digital_strategy_excludes_explanation,digital_strategy_provides_equipment,digital_strategy_provides_equipment_explanation,needs_discussion_equipment,needs_discussion_equipment_explanation,digital_strategy_provides_training,digital_strategy_provides_training_explanation,digital_strategy_provides_ongoing_support,digital_strategy_provides_ongoing_support_explanation,digital_literacy,digital_literacy_possession,digital_literacy_frequency,digital_literacy_skills,ses,ses_income,ses_living_situation,ses_relationship_status,ses_job_status,ses_living_location,educational_level,ethnicity,_metadata,healthcare_setting_label
157,treat1,MyLung app with pulse oximeter and training,False,,11,30.0,0.0,30.0,False,,COPD,,,,,True,Only overall gender reported (52% female); per-arm values not available.,,,,"33-44 years: 9%, 45-54: 6%, 55-64: 33%, 65-74: 19%, older than 75: 33% (overall sample)",,,,,,,,,,,,,,,,,,3,home-based app use with training; monitoring dashboard may alert physicians but no ongoing clinical guidance described,low,No explicit description of clinical responsibility; delivery is home-based. Step 1 signals: delivery location (home) suggests 3; clinical responsibility not described. Step 2: no provider type or recruitment source clarifies. Coded as 3 as best guess.,0,,,,1,possession of a smartphone (Android or iPhone) required,0,,False,,1,training session to connect app with pulse oximeter and understand app features,0,,False,,,,False,,,,,,,,"{'prompt_version': 'v11', 'model': 'ds-flash', 'extracted_at': '2026-05-07T23:47:37.462689', 'study_info': {'n_arms': 2, 'arm_labels': ['intervention', 'control']}}",Community
157,control,booklet-based information,False,,10,30.0,0.0,30.0,False,,COPD,,,,,True,Only overall gender reported (52% female); per-arm values not available.,,,,"33-44 years: 9%, 45-54: 6%, 55-64: 33%, 65-74: 19%, older than 75: 33% (overall sample)",,,,,,,,,,,,,,,,,,3,home-based booklet reading; no clinical guidance described,low,No explicit description of clinical responsibility; delivery is home-based. Step 1 signals: delivery location (home) suggests 3; clinical responsibility not described. Step 2: no provider type or recruitment source clarifies. Coded as 3 as best guess.,0,,,,1,possession of a smartphone (Android or iPhone) required,0,,False,,0,,0,,False,,,,False,,,,,,,,"{'prompt_version': 'v11', 'model': 'ds-flash', 'extracted_at': '2026-05-07T23:47:37.462689', 'study_info': {'n_arms': 2, 'arm_labels': ['intervention', 'control']}}",Community
464,control,standard COPD service (home visits),False,,25,56.0,180.0,236.0,False,,COPD,72.0,28.0,18.0,7.0,False,,65.88,9.39,,"Median 68.00, IQR 58.85-72.85",,,,,,,,,,,,,,,,,SGRQ_total_mean: 65.34~SGRQ_total_sd: 13.68,2,home visits by hospital COPD discharge team,moderate,"Step 1 split: clinical responsibility lies with hospital COPD discharge team (suggests 2), but delivery is home-based (suggests 3). Step 2 provider type (hospital-employed clinicians deliver home visits) confirmed 2.",0,,,,0,,0,,False,,0,,0,,False,,,,False,,,,,,,,"{'prompt_version': 'v11', 'model': 'ds-flash', 'extracted_at': '2026-05-07T23:49:18.733377', 'study_info': {'n_arms': 2, 'arm_labels': ['standard COPD service', 'telehealth-supported COPD service']}}",Secondary
464,treat1,telehealth-supported COPD service (Doc@Home device with remote monitoring),False,,28,56.0,180.0,236.0,False,,COPD,57.14,42.86,16.0,12.0,False,,67.22,11.6,,"Median 70.80, IQR 60.93-73.73",,,,,,,,,,,,,,,,,SGRQ_total_mean: 69.63~SGRQ_total_sd: 16.58,2,home-based telehealth with remote monitoring by hospital COPD discharge team,moderate,"Step 1 split: clinical responsibility lies with hospital COPD discharge team (suggests 2), but delivery is home-based (suggests 3). Step 2 provider type (hospital-employed clinicians deliver remote monitoring) confirmed 2.",0,,,,1,landline required (implied by discontinuation due to no landline),0,,False,,0,,0,,False,,,,False,,,,,,,,"{'prompt_version': 'v11', 'model': 'ds-flash', 'extracted_at': '2026-05-07T23:49:18.733377', 'study_info': {'n_arms': 2, 'arm_labels': ['standard COPD service', 'telehealth-supported COPD service']}}",Secondary
469,treat1,12-week home rehabilitation with remote monitoring and weekly health coach calls,False,,188,84.0,84.0,168.0,False,,COPD,53.72,46.28,101.0,87.0,False,,69.335,9.53,,,28.561,7.144,,,,,,,Current: 8.7%,,,,,44.103,19.0,,CRQ_physical_mean: 3.8~CRQ_physical_sd: 1.18~CRQ_emotional_mean: 4.48~CRQ_emotional_sd: 1.18~CRQ_dyspnea_mean: 4.01~CRQ_dyspnea_sd: 1.42~CRQ_fatigue_mean: 3.57~CRQ_fatigue_sd: 1.2~CRQ_emotions_mean: 4.55~CRQ_emotions_sd: 1.17~CRQ_mastery_mean: 4.35~CRQ_mastery_sd: 1.41~mMRC_mean: 2.74~mMRC_sd: 0.82~SMAS_total_mean: 64.69~SMAS_total_sd: 12.87~PSQI_total_mean: 9.39~PSQI_total_sd: 3.58~other: PHQ-9 mean 6.11 (SD 4.8)~other: GAD2 mean 1.58 (SD 1.75)~steps_per_day_mean: 7148.66~steps_per_day_sd: 3108.48~light_physical_activity_min_mean: 493.35~light_physical_activity_min_sd: 116.38~moderate_physical_activity_min_mean: 82.63~moderate_physical_activity_min_sd: 61.7~total_sleep_time_min_mean: 82.63~total_sleep_time_min_sd: 61.7~LTOT_pct: 28.1%~other: long-acting bronchodilators: 150 (81.1%)~other: inhaled corticosteroids: 176 (95.1%)~other: long-term antibiotics: 49 (26.5%)~other: long-term prednisone: 43 (23.2%)~other: depression/anxiety meds: 75 (40.5%),2,home-based remote monitoring with weekly health coach calls; clinical responsibility lies with hospital pulmonology team at Mayo Clinic; participants recruited from outpatient clinics,moderate,"Step 1 split: clinical responsibility suggests 2 (hospital specialist), delivery location suggests 3 (home-based). Step 2 provider type (health coaches supervised by research team at Mayo) and recruitment source (outpatient clinics) confirmed 2.",0,,,,0,,1,"computer tablet with Wi-Fi/cellular, Garmin Vivofit activity monitor, and Nonin 3150 oximeter provided",False,,0,,0,,False,,,,True,"Income ≤$30,000: 30.1%",Living alone: 31.6%,Married: 58.6%,,,High school or less: 25.7%,Hispanic or Latino: 1.1%~Not Hispanic or Latino: 96.3%~Unknown/not reported: 2.7%~White: 94.1%,"{'prompt_version': 'v11', 'model': 'ds-flash', 'extracted_at': '2026-05-07T23:49:05.805865', 'study_info': {'n_arms': 2, 'arm_labels': ['control/wait', 'intervention now']}}",Secondary
469,control,12-week usual care with self-study educational packet,False,,187,84.0,84.0,168.0,False,,COPD,59.36,40.64,111.0,76.0,False,,68.676,9.53,,,29.129,7.307,,,,,,,Current: 7.3%,,,,,45.274,18.87,,CRQ_physical_mean: 3.94~CRQ_physical_sd: 1.13~CRQ_emotional_mean: 4.5~CRQ_emotional_sd: 1.19~CRQ_dyspnea_mean: 4.21~CRQ_dyspnea_sd: 1.42~CRQ_fatigue_mean: 3.62~CRQ_fatigue_sd: 1.18~CRQ_emotions_mean: 4.57~CRQ_emotions_sd: 1.19~CRQ_mastery_mean: 4.38~CRQ_mastery_sd: 1.4~mMRC_mean: 2.64~mMRC_sd: 0.86~SMAS_total_mean: 64.19~SMAS_total_sd: 12.69~PSQI_total_mean: 9.33~PSQI_total_sd: 3.52~other: PHQ-9 mean 6.02 (SD 5.44)~other: GAD2 mean 1.48 (SD 1.76)~steps_per_day_mean: 7117.01~steps_per_day_sd: 3212.03~light_physical_activity_min_mean: 493.98~light_physical_activity_min_sd: 101.73~moderate_physical_activity_min_mean: 85.77~moderate_physical_activity_min_sd: 71.26~total_sleep_time_min_mean: 85.77~total_sleep_time_min_sd: 71.26~LTOT_pct: 32.3%~other: long-acting bronchodilators: 144 (79.6%)~other: inhaled corticosteroids: 165 (91.7%)~other: long-term antibiotics: 38 (20.9%)~other: long-term prednisone: 34 (18.7%)~other: depression/anxiety meds: 75 (41.2%),2,usual care at outpatient clinics (recruitment sites Mayo Clinic and Health Partners),moderate,"Only recruitment source available (outpatient clinics, suggests 2). Clinical responsibility and delivery location not explicitly described for control arm; inherited from recruitment setting.",0,,,,0,,0,,False,,0,,0,,False,,,,True,"Income ≤$30,000: 33.7%",Living alone: 32.5%,Married: 60.4%,,,High school or less: 40.9%,Hispanic or Latino: 0.5%~Not Hispanic or Latino: 96.8%~Unknown/not reported: 2.7%~White: 96.3%,"{'prompt_version': 'v11', 'model': 'ds-flash', 'extracted_at': '2026-05-07T23:49:05.805865', 'study_info': {'n_arms': 2, 'arm_labels': ['control/wait', 'intervention now']}}",Secondary
474,treat1,home-based program with health coaching,False,,72,56.0,180.0,236.0,False,,COPD,52.78,47.22,38.0,34.0,False,,69.4,8.1,,,,,,,,,,,,,,,,43.3,18.7,,"FVC_pct_mean: 74.3~FVC_pct_sd: 24.3~RV_pct_mean: 179.6~RV_pct_sd: 57.1~mMRC_distribution: 0: 0 (0.00%), 1: 12 (19.67%), 2: 13 (21.31%), 3: 31 (50.82%), 4: 5 (8.20%)~CRQ_dyspnea_mean: 4.5~CRQ_dyspnea_sd: 1.5~CRQ_fatigue_mean: 3.9~CRQ_fatigue_sd: 1.3~CRQ_mastery_mean: 4.8~CRQ_mastery_sd: 1.3~CRQ_emotion_mean: 4.9~CRQ_emotion_sd: 1.0~steps_per_day_mean: 3547.3~steps_per_day_sd: 1835.8~sedentary_min_per_day_mean: 1167.4~sedentary_min_per_day_sd: 11.4~SMAS_30_total_mean: 63.9~SMAS_30_total_sd: 12.6",3,home-based intervention with health coaching via telephone; no ongoing clinical ownership described,moderate,"Step 1: delivery location is home (suggests 3), clinical responsibility not explicitly stated. Step 2: provider type is health coach (not a clinician with ongoing clinical ownership), confirming 3.",2,SMAS-30,63.9,SD 12.6,0,,1,"Android tablet with cellular service, pulse oximeter, and Garmin activity monitor provided",False,,0,,1,health coach provided troubleshooting for technology issues,True,smartphone or computer comfort: 83%,,,True,,,Married: 44 (61.11%),,,Post-secondary education: 36 (50.00%)~missing (inferred): 36,,"{'prompt_version': 'v11', 'model': 'ds-flash', 'extracted_at': '2026-05-07T23:57:01.232567', 'study_info': {'n_arms': 2, 'arm_labels': ['intervention', 'control']}}",Community
474,control,wait-list control,False,,74,56.0,180.0,236.0,False,,COPD,50.0,50.0,37.0,37.0,False,,68.5,9.1,,,,,,,,,,,,,,,,42.4,15.3,,"FVC_pct_mean: 70.1~FVC_pct_sd: 18~RV_pct_mean: 179.4~RV_pct_sd: 47.9~mMRC_distribution: 0: 1 (1.47%), 1: 11 (16.18%), 2: 13 (19.12%), 3: 40 (58.82%), 4: 3 (4.41%)~CRQ_dyspnea_mean: 4.6~CRQ_dyspnea_sd: 1.2~CRQ_fatigue_mean: 3.7~CRQ_fatigue_sd: 1.3~CRQ_mastery_mean: 4.7~CRQ_mastery_sd: 1.4~CRQ_emotion_mean: 4.6~CRQ_emotion_sd: 1.2~steps_per_day_mean: 4426.3~steps_per_day_sd: 2628.3~sedentary_min_per_day_mean: 1123.9~sedentary_min_per_day_sd: 149.5~SMAS_30_total_mean: 65.4~SMAS_30_total_sd: 12.8",3,wait-list control; no intervention during control period; participants recruited from outpatient clinic,moderate,Step 1: no intervention delivered during control period; clinical responsibility not described. Step 2: recruitment from outpatient clinic (suggests 2) but no ongoing clinical involvement during control period; coded 3 as no care was delivered.,2,SMAS-30,65.4,SD 12.8,0,,0,,False,,0,,0,,True,smartphone or computer comfort: 79%,,,True,,,Married: 51 (68.92%),,,Post-secondary education: 38 (51.35%)~missing (inferred): 36,,"{'prompt_version': 'v11', 'model': 'ds-flash', 'extracted_at': '2026-05-07T23:57:01.232567', 'study_info': {'n_arms': 2, 'arm_labels': ['intervention', 'control']}}",Community
498,treat1,"telerehabilitation with nurse and physiotherapist tutoring, pulse oximeter, ECG, mini-ergometer, pedometer",False,,56,120.0,60.0,180.0,False,,COPD~CHF,10.71,89.29,6.0,50.0,True,"Printed male % 88% vs recomputed 89.29% (50/56), difference >1pp",71.0,9.0,,,28.5,5.8,,,,,,,,,,,,66.6,18.6,,"GOLD_stage: IB: 19 (33.93%), IC: 1 (1.79%), IIB: 20 (35.71%), IIC: 2 (3.57%), IIIC: 2 (3.57%), IIID: 2 (3.57%), IVB: 1 (1.79%), IVD: 9 (16.07%)~NYHA_class: II: 25 (44.64%), III: 22 (39.29%), IV: 9 (16.07%)~other: EF% pred: 44.5 (12.4)~FVC_pct_mean: 80.9~FVC_pct_sd: 18.3~FEV1_FVC_ratio_mean: 60~FEV1_FVC_ratio_sd: 10.2~LTOT_pct: 48.21%~MRC_mean: 2.8~MRC_sd: 0.98~PaCO2_mean: 38.2~PaCO2_sd: 9.6~other: FiO2: 21.6 (2.7)~other: PaO2/FiO2: 365 (69)~other: pH: 7.44 (0.05)~SpO2_mean: 95.7~SpO2_sd: 2.4~other: MLHFQ: 34.4 (17.3)~CAT_mean: 15.7~CAT_sd: 6.2~Barthel_mean: 89.9~Barthel_sd: 12.9~6MWD_mean: 329~6MWD_sd: 115~other: PASE: 95.8 (65.7)",2,home-based telerehabilitation with remote specialist support from cardiologist and pulmonologist; patients recruited from in-hospital rehabilitation,moderate,"Step 1 split: clinical responsibility by hospital specialists (suggests 2), delivery at home (suggests 3). Step 2 provider type (hospital-employed NT/PT) and recruitment (in-hospital) confirmed 2.",0,,,,0,,0,,True,Unclear if telephone for weekly calls and emergency contact is provided by trial or participant-owned,0,,0,,False,,,,False,,,,,,,,"{'prompt_version': 'v11', 'model': 'ds-flash', 'extracted_at': '2026-05-07T23:48:16.218226'}",Secondary
498,control,"standard care including medications, oxygen, GP visits, in-hospital check-ups, educational session on healthy lifestyle and physical activity",False,,56,120.0,60.0,180.0,False,,COPD~CHF,25.0,75.0,14.0,42.0,False,,70.0,9.5,,,27.7,5.4,,,,,,,,,,,,66.1,16.4,,"GOLD_stage: IB: 15 (26.79%), IC: 0 (0.00%), IIB: 26 (46.43%), IIC: 0 (0.00%), IIIC: 0 (0.00%), IIID: 5 (8.93%), IVB: 1 (1.79%), IVD: 9 (16.07%)~NYHA_class: II: 29 (51.79%), III: 19 (33.93%), IV: 8 (14.29%)~other: EF% pred: 43.3 (13.2)~FVC_pct_mean: 78.8~FVC_pct_sd: 17.6~FEV1_FVC_ratio_mean: 62~FEV1_FVC_ratio_sd: 8.9~LTOT_pct: 46.43%~MRC_mean: 2.7~MRC_sd: 0.98~PaCO2_mean: 38.6~PaCO2_sd: 6.7~other: FiO2: 22.1 (3.4)~other: PaO2/FiO2: 341 (69)~other: pH: 7.44 (0.03)~SpO2_mean: 94.9~SpO2_sd: 2.0~other: MLHFQ: 35.6 (17.4)~CAT_mean: 15.4~CAT_sd: 6.4~Barthel_mean: 91.9~Barthel_sd: 8.2~6MWD_mean: 308~6MWD_sd: 105~other: PASE: 78.2 (42.3)",2,standard care including GP visits and in-hospital check-ups; patients recruited from in-hospital rehabilitation,moderate,"Step 1: clinical responsibility shared between GP and hospital (suggests 1 or 2), delivery at home and hospital (suggests 1 or 2). Step 2 recruitment from in-hospital rehabilitation and in-hospital check-ups suggest 2. Coded 2.",0,,,,0,,0,,False,,0,,0,,False,,,,False,,,,,,,,"{'prompt_version': 'v11', 'model': 'ds-flash', 'extracted_at': '2026-05-07T23:48:16.218226'}",Secondary
558,treat1,"mobile health tool (mHealth) with pulse oximeter, spirometer, thermometer, and mobile phone",False,,43,365.0,0.0,365.0,False,,COPD,41.86,58.14,18.0,25.0,False,,69.3,8.8,,,,,,,,,,,Currently smoking: 13 (30.23%)~non-smoking (inferred): 30,,,,,53.0,21.5,,MRC_mean: 2.5~MRC_sd: 1.2~other: Diagnosis of COPD >5 years: 29 (67.44%)~NCSI_subdomain: QOL: 12.90 (SD 8.32)~NCSI_subdomain: HRQOL: 4.19 (SD 1.74)~NCSI_subdomain: relationship: 2.42 (SD 0.93)~NCSI_subdomain: subjective impairment: 11.84 (SD 5.80)~NCSI_subdomain: behavioral impairment: 22.11 (SD 17.89)~NCSI_subdomain: subjective symptoms: 9.86 (SD 4.88)~NCSI_subdomain: dyspnea emotions: 8.77 (SD 2.42)~NCSI_subdomain: fatigue: 35.93 (SD 10.96)~CCQ_total_mean: 2.06~CCQ_total_sd: 1.02~CCQ_symptoms_mean: 2.41~CCQ_symptoms_sd: 1.12~CCQ_functional_mean: 2.22~CCQ_functional_sd: 1.38~CCQ_mental_mean: 1.03~CCQ_mental_sd: 1.01~EQ5D_mean: 0.81~EQ5D_sd: 0.15~EQ5D_VAS_mean: 65.53~EQ5D_VAS_sd: 17.37~other: Exacerbation-related self-efficacy: 2.91 (SD 0.43)~comorbid_joint_disorders_pct: 30.23%~comorbid_cardiac_disorders_pct: 27.91%~comorbid_back_pain_pct: 18.60%~comorbid_diabetes_pct: 6.98%~comorbid_depression_anxiety_pct: 6.98%,2,home-based mHealth tool with remote monitoring by hospital/GP practice nurses; recruited from outpatient clinics and general practices,moderate,"Step 1: clinical responsibility lies with hospital/GP practice (suggests 2 or 1), delivery is home-based (suggests 3). Step 2: provider type (nurses from recruiting centers) and recruitment from outpatient clinics and GP practices suggest secondary/primary care. Coded 2 as most patients recruited from hospitals and pulmonary specialist involvement.",0,,,,1,persisting difficulties in using the mHealth system after a 2-week practice period and additional assistance; insufficient knowledge of the Dutch language,1,"mobile phone, pulse oximeter (CMS50D), spirometer (PiKo-1), and forehead thermometer (FTN) provided",False,,1,2-week run-in period with daily use to get familiarized; nurse instructions on use of mHealth tool,1,research team responsible for technical support of the mHealth tool,False,,,,True,,,,Currently working: 6 (13.95%),,Low education level: 19 (44.19%)~missing (inferred): 24,,"{'prompt_version': 'v11', 'model': 'ds-flash', 'extracted_at': '2026-05-07T23:48:44.229748', 'study_info': {'n_arms': 2, 'arm_labels': ['Mobile health tool intervention group', 'Paper action plan control group']}}",Secondary
558,control,paper exacerbation action plan,False,,44,365.0,0.0,365.0,False,,COPD,34.09,65.91,15.0,29.0,False,,65.9,8.9,,,,,,,,,,,Currently smoking: 11 (25.00%)~non-smoking (inferred): 33,,,,,52.1,19.8,,MRC_mean: 2.6~MRC_sd: 1.3~other: Diagnosis of COPD >5 years: 28 (63.64%)~NCSI_subdomain: QOL: 19.08 (SD 11.93)~NCSI_subdomain: HRQOL: 4.68 (SD 1.78)~NCSI_subdomain: relationship: 3.39 (SD 1.74)~NCSI_subdomain: subjective impairment: 14.41 (SD 6.57)~NCSI_subdomain: behavioral impairment: 19.11 (SD 17.28)~NCSI_subdomain: subjective symptoms: 11.91 (SD 4.86)~NCSI_subdomain: dyspnea emotions: 11.59 (SD 3.92)~NCSI_subdomain: fatigue: 37.32 (SD 10.17)~CCQ_total_mean: 2.31~CCQ_total_sd: 1.09~CCQ_symptoms_mean: 2.60~CCQ_symptoms_sd: 1.27~CCQ_functional_mean: 2.53~CCQ_functional_sd: 1.36~CCQ_mental_mean: 1.30~CCQ_mental_sd: 0.99~EQ5D_mean: 0.74~EQ5D_sd: 0.20~EQ5D_VAS_mean: 64.20~EQ5D_VAS_sd: 15.35~other: Exacerbation-related self-efficacy: 2.84 (SD 0.41)~comorbid_joint_disorders_pct: 29.55%~comorbid_cardiac_disorders_pct: 27.27%~comorbid_back_pain_pct: 31.82%~comorbid_diabetes_pct: 6.82%~comorbid_depression_anxiety_pct: 4.55%,2,usual care with paper action plan; delivered through same recruiting centers (outpatient clinics and general practices),moderate,"Same setting as intervention arm; Step 1 signals disagree (clinical responsibility at hospital/GP, delivery at home), Step 2 confirms secondary care based on recruitment and provider type.",0,,,,0,,0,,False,,0,,0,,False,,,,True,,,,Currently working: 10 (22.73%),,Low education level: 17 (38.64%)~missing (inferred): 27,,"{'prompt_version': 'v11', 'model': 'ds-flash', 'extracted_at': '2026-05-07T23:48:44.229748', 'study_info': {'n_arms': 2, 'arm_labels': ['Mobile health tool intervention group', 'Paper action plan control group']}}",Secondary
602,treat1,Online PR (myPR),False,,64,42.0,0.0,42.0,False,,COPD,35.94,64.06,23.0,41.0,False,,69.1,7.9,,,,,,,,,,,Current smoker: 9 (14.06%)~Ex-smoker: 55 (85.94%),,,,,58.0,23.6,,COPD_severity: Mild: 15 (23.44%)~COPD_severity: Moderate: 26 (40.62%)~COPD_severity: Severe: 17 (26.56%)~COPD_severity: Very severe: 6 (9.38%)~FEV1_L_mean: 1.63~FEV1_L_sd: 0.71~FVC_L_mean: 3.03~FVC_L_sd: 0.99~FVC_pct_mean: 88.4~FVC_pct_sd: 22.0~6MWD_mean: 388.7~6MWD_sd: 104.4~CAT_mean: 18.1~CAT_sd: 7.9~SGRQ_total_mean: 42.4~SGRQ_total_sd: 18.6~HADS_total_median: 10.0~HADS_total_iqr: 6.0-16.5~mMRC_median: 2.0~mMRC_iqr: 1.0-3.0~comorbid_hypertension_pct: 35.94%~comorbid_CVD_pct: 34.38%~comorbid_cerebrovascular_pct: 7.81%~comorbid_dermatological_pct: 10.94%~comorbid_diabetes_and_endocrine_pct: 21.88%~comorbid_gastroenterological_pct: 32.81%~comorbid_haematological_pct: 1.56%~comorbid_neurological_and_psychiatric_pct: 17.19%~comorbid_history_of_malignancy_pct: 6.25%~comorbid_musculoskeletal_pct: 14.06%~comorbid_renal_pct: 3.12%~comorbid_other_respiratory_pct: 4.69%~comorbid_none_pct: 6.25%,2,Online PR (myPR) delivered remotely to participants' homes; clinical responsibility held by hospital-based physiotherapist and research team from Portsmouth Hospitals NHS Trust,moderate,"Step 1 split: clinical responsibility lies with hospital specialist team (suggests 2), but delivery is fully home-based via online platform (suggests 3). Step 2 provider type (hospital-employed physiotherapist led the online programme) confirmed 2.",0,,,,1,access to the internet and the ability to operate a web platform,0,,False,,1,"basic instructions on the use of the programme, in a brief 5-10 min introductory session face to face with a member of the clinical research team",1,Contact details of the research team were provided so that patients had a point of reference for any queries they had regarding the technology,False,,,,False,,,,,,,,"{'prompt_version': 'v11', 'model': 'ds-flash', 'extracted_at': '2026-05-07T23:49:18.739969', 'study_info': {'n_arms': 2, 'arm_labels': ['Face-to-face PR', 'Online PR']}}",Secondary
602,control,Face-to-face PR,False,,26,42.0,0.0,42.0,False,,COPD,30.77,69.23,8.0,18.0,False,,71.4,8.6,,,,,,,,,,,Current smoker: 6 (23.08%)~Ex-smoker: 20 (76.92%),,,,,60.5,20.1,,COPD_severity: Mild: 5 (19.23%)~COPD_severity: Moderate: 13 (50.00%)~COPD_severity: Severe: 7 (26.92%)~COPD_severity: Very severe: 1 (3.85%)~FEV1_L_mean: 1.66~FEV1_L_sd: 0.67~FVC_L_mean: 2.97~FVC_L_sd: 1.03~FVC_pct_mean: 83.2~FVC_pct_sd: 21.2~6MWD_mean: 416.5~6MWD_sd: 118.3~CAT_mean: 17.3~CAT_sd: 6.7~SGRQ_total_mean: 37.7~SGRQ_total_sd: 17.2~HADS_total_median: 10.0~HADS_total_iqr: 6.0-18.0~mMRC_median: 2.0~mMRC_iqr: 1.0-2.0~comorbid_hypertension_pct: 26.92%~comorbid_CVD_pct: 50.00%~comorbid_cerebrovascular_pct: 3.85%~comorbid_dermatological_pct: 0.00%~comorbid_diabetes_and_endocrine_pct: 23.08%~comorbid_gastroenterological_pct: 19.23%~comorbid_haematological_pct: 3.85%~comorbid_neurological_and_psychiatric_pct: 11.54%~comorbid_history_of_malignancy_pct: 11.54%~comorbid_musculoskeletal_pct: 25.92%~comorbid_renal_pct: 7.69%~comorbid_other_respiratory_pct: 3.85%~comorbid_none_pct: 11.54%,2,Conventional face-to-face PR delivered in a rehabilitation facility by a physiotherapist and nurse on the research team; participants recruited from Portsmouth Hospitals NHS Trust outpatient respiratory clinics,high,,0,,,,1,access to the internet and the ability to operate a web platform,0,,False,,0,,0,,False,,,,False,,,,,,,,"{'prompt_version': 'v11', 'model': 'ds-flash', 'extracted_at': '2026-05-07T23:49:18.739969', 'study_info': {'n_arms': 2, 'arm_labels': ['Face-to-face PR', 'Online PR']}}",Secondary
641,control,standard care (usual care),False,,30,120.0,0.0,120.0,False,,COPD,60.0,40.0,18.0,12.0,False,,69.1,9.85,,,27.41,8.38,,,,,,,Current: 8 (27.59%)~Ex-smoker: 21 (72.41%)~non-smoking (inferred): 1,,,,,30.27,12.59,,"FEV1_severity: moderate: 3 (10.00%), severe: 10 (33.33%), very severe: 17 (56.67%)~SpO2_mean: 92.41~SpO2_sd: 5.28~Charlson_mean: 2.47~Charlson_sd: 1.76~hospitalizations_prior_year_mean: 1.47~hospitalizations_prior_year_sd: 1.55~other: days_hospitalized_prior_year_mean: 3.83 (SD 5.31)~other: respiratory_hospitalizations_prior_year_mean: 0.90 (SD 1.30)~other: days_respiratory_hospitalizations_prior_year_mean: 2.63 (SD 3.00)~CCQ_functional_mean: 3.75~CCQ_functional_sd: 1.36~CCQ_symptoms_mean: 3.84~CCQ_symptoms_sd: 1.23~CCQ_mental_mean: 3.53~CCQ_mental_sd: 1.54~CCQ_total_mean: 24.01~CCQ_total_sd: 7.12~other: MARS_5_mean: 22.30 (SD 3.76)",2,"usual care including GP, hospital outpatient services, and rehabilitation program; participants recruited from hospital",low,Step 1 signals unclear: clinical responsibility shared between GP and hospital; delivery location not specified. Step 2: recruitment from hospital and usual care includes hospital services suggests secondary care. Confidence low.,0,,,,0,,0,,False,,0,,1,phone number of physiotherapists for issues with Smartinhalers,False,,,,False,,,,,,,NZ European: 16 (53.33%)~Māori: 10 (33.33%)~Pacific Island: 1 (3.33%)~Other: 3 (10.00%),"{'prompt_version': 'v11', 'model': 'ds-flash', 'extracted_at': '2026-05-08T00:02:31.745450', 'study_info': {'n_arms': 2, 'arm_labels': ['control', 'intervention']}}",Secondary
641,treat1,robot intervention (iRobi),False,,30,120.0,0.0,120.0,False,,COPD,63.33,36.67,19.0,11.0,False,,70.57,10.34,,,29.16,8.83,,,,,,,Current: 6 (24.00%)~Ex-smoker: 19 (76.00%)~non-smoking (inferred): 5,,,,,33.8,13.61,,"FEV1_severity: moderate: 5 (16.67%), severe: 12 (40.00%), very severe: 13 (43.33%)~SpO2_mean: 93.96~SpO2_sd: 3.31~Charlson_mean: 3.07~Charlson_sd: 1.41~hospitalizations_prior_year_mean: 2.40~hospitalizations_prior_year_sd: 2.46~other: days_hospitalized_prior_year_mean: 7.80 (SD 10.87)~other: respiratory_hospitalizations_prior_year_mean: 1.23 (SD 2.01)~other: days_respiratory_hospitalizations_prior_year_mean: 4.67 (SD 7.57)~CCQ_functional_mean: 3.48~CCQ_functional_sd: 1.19~CCQ_symptoms_mean: 3.60~CCQ_symptoms_sd: 1.03~CCQ_mental_mean: 3.88~CCQ_mental_sd: 1.59~CCQ_total_mean: 23.56~CCQ_total_sd: 6.82~other: MARS_5_mean: 21.43 (SD 4.15)",2,home-based robot intervention with remote monitoring by hospital-employed physiotherapists and respiratory physician oversight,moderate,"Step 1 split: clinical responsibility with hospital team (suggests 2), delivery home-based (suggests 3). Step 2 provider type (hospital physiotherapists) confirmed 2. Confidence moderate.",0,,,,0,,1,"robot (iRobi), Smartinhalers, internet connectivity provided",False,,1,physiotherapists demonstrated all functions; written manual provided,1,phone number of physiotherapists for technical issues; 62 hours spent troubleshooting,False,,,,False,,,,,,,NZ European: 15 (50.00%)~Māori: 8 (26.67%)~Pacific Island: 4 (13.33%)~Other: 3 (10.00%),"{'prompt_version': 'v11', 'model': 'ds-flash', 'extracted_at': '2026-05-08T00:02:31.745450', 'study_info': {'n_arms': 2, 'arm_labels': ['control', 'intervention']}}",Secondary
770,treat1,integrated care (IC),False,,65,365.0,0.0,365.0,False,,COPD,23.08,76.92,15.0,50.0,False,,70.0,9.0,,,26.4,5.1,,,,,,,Active smokers: 21 (32.31%)~non-smoking (inferred): 44,,,,,43.0,20.0,,FVC_pct_mean: 64~FVC_pct_sd: 21~FEV1_FVC_ratio_mean: 48~FEV1_FVC_ratio_sd: 18~PaO2_mean: 64 mmHg~PaO2_sd: 11~PaCO2_mean: 44 mmHg~PaCO2_sd: 7~MRC_mean: 3.5~MRC_sd: 1.3~SGRQ_total_mean: 57~SGRQ_total_sd: 18~EQ5D_VAS_mean: 47.8~EQ5D_VAS_sd: 18.1~Goldberg_anxiety_mean: 8.5~Goldberg_anxiety_sd: 5.6~hospitalizations_prior_year_mean: 1.0~hospitalizations_prior_year_sd: 1.3~LTOT_pct: 24.62%~comorbidities_mean: 1.9~comorbidities_sd: 1.4,2,hospital-based integrated care program with home visits and phone support; clinical responsibility held by hospital specialist nurse and primary care team,moderate,"Step 1 split: clinical responsibility shared between hospital specialist nurse (case manager) and primary care team (suggests 2 or 1), delivery is home-based and via phone (suggests 3). Step 2 provider type (hospital-based specialist nurse delivers education and home visits) and recruitment from tertiary hospitals confirmed 2.",0,,,,1,"logistical limitations due to extremely poor social conditions, such as illiteracy or no phone access at home (10%)",0,,False,,1,"comprehensive educational programme of <2 h duration administered by a specialised respiratory nurse, covering knowledge of the disease, instructions on nonpharmacological treatment, assessment of administration techniques for pharmacological therapy and empowerment for self-management",1,accessibility of the specialised nurse to patients/carers and primary care professionals ensured through an ICT platform including a web-based call centre; weekly phone calls during first month after discharge,False,,,,True,Annual income <€6000: 7 (13.46%),,,,,Education less than primary: 16 (24.62%)~missing (inferred): 49,,"{'prompt_version': 'v11', 'model': 'ds-flash', 'extracted_at': '2026-05-07T23:56:59.406899', 'study_info': {'n_arms': 2, 'arm_labels': ['integrated care', 'usual care']}}",Secondary
770,control,usual care (UC),False,,90,365.0,0.0,365.0,False,,COPD,12.22,87.78,11.0,79.0,False,,72.0,9.0,,,26.1,5.4,,,,,,,Active smokers: 19 (21.11%)~non-smoking (inferred): 71,,,,,41.0,15.0,,FVC_pct_mean: 63~FVC_pct_sd: 18~FEV1_FVC_ratio_mean: 48~FEV1_FVC_ratio_sd: 17~PaO2_mean: 64 mmHg~PaO2_sd: 14~PaCO2_mean: 44 mmHg~PaCO2_sd: 7~MRC_mean: 3.5~MRC_sd: 1.2~SGRQ_total_mean: 59~SGRQ_total_sd: 18~EQ5D_VAS_mean: 47.4~EQ5D_VAS_sd: 18.5~Goldberg_anxiety_mean: 8.2~Goldberg_anxiety_sd: 5.9~hospitalizations_prior_year_mean: 0.6~hospitalizations_prior_year_sd: 1.2~LTOT_pct: 23.33%~comorbidities_mean: 1.8~comorbidities_sd: 1.5,2,usual care; patients discharged by attending physician and visited by their own physician (usually every 6 months); no additional support from specialised nurse or call centre; participants recruited from tertiary hospitals,moderate,"Step 1: clinical responsibility lies with attending physician (suggests 2 if hospital-based, 1 if GP). Delivery location not explicitly described. Step 2: recruitment from tertiary hospitals and usual care regime (outpatient control by attending physician) suggests 2.",0,,,,1,"logistical limitations due to extremely poor social conditions, such as illiteracy or no phone access at home (10%)",0,,False,,0,,0,,False,,,,True,Annual income <€6000: 16 (24.24%),,,,,Education less than primary: 20 (22.22%)~missing (inferred): 70,,"{'prompt_version': 'v11', 'model': 'ds-flash', 'extracted_at': '2026-05-07T23:56:59.406899', 'study_info': {'n_arms': 2, 'arm_labels': ['integrated care', 'usual care']}}",Secondary
792,treat1,tele-rehabilitation with VAPA,False,,27,56.0,124.0,180.0,False,,COPD,40.74,59.26,11.0,16.0,True,"printed male % (51.6%) is between-arm distribution (16/31), not within-arm; recomputed within-arm male=59.26%",67.4,10.2,,,,,,,,,,,Current: 4 (16.00%)~Former: 21 (84.00%)~Never: 0 (0.00%)~non-smoking (inferred): 2,,,,,36.1,14.1,,FVC_pct_mean: 67.4~FVC_pct_sd: 19.9~FEV1_FVC_ratio_mean: 48.6~FEV1_FVC_ratio_sd: 15.4~6MWD_mean: 385.5~6MWD_sd: 86.9~steps_per_day_mean: 8601~steps_per_day_sd: 4831~other: 7dVMCPM_mean: 282.1 (SD 133)~SGRQ_total_mean: 55.6~SGRQ_total_sd: 13.5~SGRQ_symptoms_mean: 56.15~SGRQ_symptoms_sd: 21.1~SGRQ_activity_mean: 77.5~SGRQ_activity_sd: 14.35~SGRQ_impact_mean: 42.8~SGRQ_impact_sd: 15.5~other: IADL_mean: 1.1 (SD 1.1)~other: GAD7_mean: 3.3 (SD 3.9)~LTOT_pct: 7.41%,2,"home-based tele-rehabilitation with VAPA, supported by hospital-based physiotherapist via video consultations and chat",moderate,"Step 1 split: clinical responsibility from hospital outpatient clinic (suggests 2), delivery at home (suggests 3). Step 2: physiotherapist is hospital-employed and provides remote consultations (confirms 2).",0,,,,0,,0,,False,,0,,0,,False,,,,False,,,,,,,,"{'prompt_version': 'v11', 'model': 'ds-flash', 'extracted_at': '2026-05-07T23:47:57.958259'}",Secondary
792,control,standard hospital-based pulmonary rehabilitation,False,,27,56.0,124.0,180.0,False,,COPD,44.44,55.56,12.0,15.0,True,"printed male % (48.4%) is between-arm distribution (15/31), not within-arm; recomputed within-arm male=55.56%",72.5,7.4,,,,,,,,,,,Current: 3 (14.29%)~Former: 18 (85.71%)~Never: 0 (0.00%)~non-smoking (inferred): 6,,,,,32.8,8.5,,FVC_pct_mean: 70.2~FVC_pct_sd: 17.9~FEV1_FVC_ratio_mean: 39.1~FEV1_FVC_ratio_sd: 17.5~6MWD_mean: 366.6~6MWD_sd: 97.8~steps_per_day_mean: 9234~steps_per_day_sd: 7126~other: 7dVMCPM_mean: 358.3 (SD 262)~SGRQ_total_mean: 60.6~SGRQ_total_sd: 14.1~SGRQ_symptoms_mean: 61.2~SGRQ_symptoms_sd: 23.5~SGRQ_activity_mean: 76.8~SGRQ_activity_sd: 15.4~SGRQ_impact_mean: 51.2~SGRQ_impact_sd: 15.9~other: IADL_mean: 2.2 (SD 2.3)~other: GAD7_mean: 5.9 (SD 6.6)~LTOT_pct: 7.41%,2,conventional hospital-based pulmonary rehabilitation at Aarhus University Hospital outpatient clinic,high,,0,,,,0,,0,,False,,0,,0,,False,,,,False,,,,,,,,"{'prompt_version': 'v11', 'model': 'ds-flash', 'extracted_at': '2026-05-07T23:47:57.958259'}",Secondary
825,treat1,web-based PR programme (SPACE for COPD),False,,51,49.0,0.0,49.0,True,Average time to complete web programme was 11 weeks (77 days); planned assessment was at 6-7 weeks but actual varied.,COPD,25.49,74.51,13.0,38.0,False,,66.4,10.1,,,27.9,6.4,,,,,,,,,,,,58.7,29.1,,"MRC_distribution: 2: 14 (27.45%), 3: 20 (39.22%), 4: 12 (23.53%), 5: 3 (5.88%)~ISWT_mean: 296.7~ISWT_sd: 180.8~ESWT_mean: 241.7~ESWT_sd: 209.7~CRQ_dyspnea_mean: 2.7~CRQ_dyspnea_sd: 1.2~CAT_mean: 20.8~CAT_sd: 8.6~PRAISE_mean: 45.6~PRAISE_sd: 7.7~HADS_anxiety_mean: 7.9~HADS_anxiety_sd: 4.8~HADS_depression_mean: 6.4~HADS_depression_sd: 3.8~BCKQ_mean: 33.9~BCKQ_sd: 8.6",2,home-based web programme with remote specialist support from hospital PR team,moderate,"Step 1 split: clinical responsibility with hospital PR specialist (suggests 2), delivery at home (suggests 3). Step 2 provider type (hospital-employed rehabilitation specialist provides remote support) confirmed 2.",0,,,,1,"Access to the internet for more than 3 months, ability to navigate websites, regular use of email required",0,,False,,1,standardised introductory session with written instructions on website navigation,0,,False,,,,False,,,,,,,,"{'prompt_version': 'v11', 'model': 'ds-flash', 'extracted_at': '2026-05-07T23:59:04.690900', 'study_info': {'n_arms': 2, 'arm_labels': ['conventional PR', 'web-based PR']}}",Secondary
825,control,conventional PR programme (hospital or community based),False,,52,49.0,0.0,49.0,False,,COPD,36.54,63.46,19.0,33.0,False,,66.1,8.1,,,29.3,6.3,,,,,,,,,,,,55.0,20.5,,"MRC_distribution: 2: 21 (40.38%), 3: 13 (25.00%), 4: 14 (26.92%), 5: 1 (1.92%)~ISWT_mean: 284.2~ISWT_sd: 156.0~ESWT_mean: 246.2~ESWT_sd: 144.0~CRQ_dyspnea_mean: 2.7~CRQ_dyspnea_sd: 1.1~CAT_mean: 20.8~CAT_sd: 7.5~PRAISE_mean: 45.7~PRAISE_sd: 7.7~HADS_anxiety_mean: 7.1~HADS_anxiety_sd: 5.0~HADS_depression_mean: 5.8~HADS_depression_sd: 3.6~BCKQ_mean: 37.1~BCKQ_sd: 12.5",2,"conventional PR at hospital or community sites, primarily hospital-based",moderate,"Step 1: clinical responsibility with PR team (hospital/community), delivery at hospital/community sites. Both signals suggest 2. However, community-based PR could be considered 3; coded 2 based on primary recruitment from hospital referrals.",0,,,,1,"Access to the internet for more than 3 months, ability to navigate websites, regular use of email required",0,,False,,0,,0,,False,,,,False,,,,,,,,"{'prompt_version': 'v11', 'model': 'ds-flash', 'extracted_at': '2026-05-07T23:59:04.690900', 'study_info': {'n_arms': 2, 'arm_labels': ['conventional PR', 'web-based PR']}}",Secondary
1067,treat1,telerehabilitation,False,,71,56.0,309.0,365.0,False,,COPD: 50 (70.42%)~ILD: 5 (7.04%)~Bronchiectasis: 10 (14.08%)~Asthma: 6 (8.45%),57.75,42.25,41.0,30.0,False,,68.0,9.0,,,28.0,6.0,,,,,,,Current: 11 (15.49%)~Ex smoker: 49 (69.01%)~Never smoker: 11 (15.49%),,,Median 40 [15 to 60],,59.0,25.0,,"FEV1_L_mean: 1.5~FEV1_L_sd: 0.7~FVC_L_mean: 2.9~FVC_L_sd: 0.9~FVC_pct_mean: 84~FVC_pct_sd: 21~FEV1_FVC_ratio_mean: 54~FEV1_FVC_ratio_sd: 20~6MWD_mean: 418.6~6MWD_sd: 117.2~VO2peak_pct_pred_mean: 59~VO2peak_pct_pred_sd: 20~CPET_Wmax_mean: 71~CPET_Wmax_sd: 26~other: Endurance cycle time median: 237 [IQR 146 to 335]~LTOT_pct: 12.68%~CRQ_dyspnoea_mean: 15~CRQ_dyspnoea_sd: 6~CRQ_fatigue_mean: 15~CRQ_fatigue_sd: 7~CRQ_emotion_mean: 33~CRQ_emotion_sd: 9~CRQ_mastery_mean: 20~CRQ_mastery_sd: 9~CRQ_total_mean: 83~CRQ_total_sd: 22~mMRC_median: 2~mMRC_iqr: 1 to 3~mMRC_distribution: 0: 2 (2.82%), 1: 25 (35.21%), 2: 25 (35.21%), 3: 15 (21.13%), 4: 4 (5.63%)~other: HADS anxiety: No case 46 (64.79%), Borderline 9 (12.68%), Case 16 (22.54%)~other: HADS depression: No case 49 (69.01%), Borderline 13 (18.31%), Case 9 (12.68%)~SF36_PCS_mean: 37~SF36_PCS_sd: 9~SF36_MCS_mean: 49~SF36_MCS_sd: 13~PRAISE_mean: 48~PRAISE_sd: 7~sedentary_min_per_day_mean: 531~sedentary_min_per_day_sd: 163~other: Light physical activity mean: 267 (SD 107)~MVPA_min_per_day_median: 58~MVPA_min_per_day_iqr: 28 to 110~other: Number of comorbidities median: 3 [IQR 2 to 5]~other: Participants with hospital admissions in year prior: 11 (15.49%)~other: Naive to pulmonary rehabilitation: 52 (73.24%)",2,home-based telerehabilitation with remote supervision by hospital-based physiotherapist,moderate,"Step 1 split: clinical responsibility lies with hospital physiotherapist (suggests 2), delivery is home-based (suggests 3). Step 2 provider type (hospital-employed physiotherapist) confirmed 2.",2,PRAISE,48.0,SD 7,0,,1,"exercise bike, tablet with 4G data, pulse oximeter provided and set up by research team",False,,1,home visit to ensure understanding of equipment operation; pictorial instructions for tablet operation,1,telephone support for technology issues; median 2 calls per participant,False,,,,True,,,,,Metropolitan: 49 (69.01%)~Rural: 22 (30.99%),,,"{'prompt_version': 'v11', 'model': 'ds-flash', 'extracted_at': '2026-05-07T23:47:49.902745', 'study_info': {'n_arms': 2, 'arm_labels': ['telerehabilitation', 'centre-based pulmonary rehabilitation']}}",Secondary
1067,control,centre-based pulmonary rehabilitation,False,,71,56.0,309.0,365.0,False,,COPD: 50 (70.42%)~ILD: 6 (8.45%)~Bronchiectasis: 9 (12.68%)~Asthma: 6 (8.45%),49.3,50.7,35.0,36.0,False,,67.0,9.0,,,28.0,7.0,,,,,,,Current: 8 (11.27%)~Ex smoker: 53 (74.65%)~Never smoker: 10 (14.08%),,,Median 35 [14 to 53],,63.0,26.0,,"FEV1_L_mean: 1.6~FEV1_L_sd: 0.7~FVC_L_mean: 2.9~FVC_L_sd: 1.1~FVC_pct_mean: 86~FVC_pct_sd: 26~FEV1_FVC_ratio_mean: 56~FEV1_FVC_ratio_sd: 19~6MWD_mean: 433.6~6MWD_sd: 86.7~VO2peak_pct_pred_mean: 59~VO2peak_pct_pred_sd: 21~CPET_Wmax_mean: 73~CPET_Wmax_sd: 23~other: Endurance cycle time median: 246 [IQR 171 to 330]~LTOT_pct: 4.23%~CRQ_dyspnoea_mean: 15~CRQ_dyspnoea_sd: 5~CRQ_fatigue_mean: 15~CRQ_fatigue_sd: 5~CRQ_emotion_mean: 32~CRQ_emotion_sd: 10~CRQ_mastery_mean: 20~CRQ_mastery_sd: 5~CRQ_total_mean: 83~CRQ_total_sd: 21~mMRC_median: 2~mMRC_iqr: 1 to 2~mMRC_distribution: 0: 1 (1.41%), 1: 37 (52.11%), 2: 21 (29.58%), 3: 11 (15.49%), 4: 1 (1.41%)~other: HADS anxiety: No case 44 (61.97%), Borderline 12 (16.90%), Case 15 (21.13%)~other: HADS depression: No case 59 (83.10%), Borderline 7 (9.86%), Case 5 (7.04%)~SF36_PCS_mean: 40~SF36_PCS_sd: 7~SF36_MCS_mean: 49~SF36_MCS_sd: 12~PRAISE_mean: 47~PRAISE_sd: 9~sedentary_min_per_day_mean: 495~sedentary_min_per_day_sd: 147~other: Light physical activity mean: 283 (SD 90)~MVPA_min_per_day_median: 64~MVPA_min_per_day_iqr: 38 to 99~other: Number of comorbidities median: 4 [IQR 2 to 5]~other: Participants with hospital admissions in year prior: 16 (22.54%)~other: Naive to pulmonary rehabilitation: 60 (84.51%)",2,hospital outpatient pulmonary rehabilitation,high,,2,PRAISE,47.0,SD 9,0,,0,,False,,0,,0,,False,,,,True,,,,,Metropolitan: 50 (70.42%)~Rural: 21 (29.58%),,,"{'prompt_version': 'v11', 'model': 'ds-flash', 'extracted_at': '2026-05-07T23:47:49.902745', 'study_info': {'n_arms': 2, 'arm_labels': ['telerehabilitation', 'centre-based pulmonary rehabilitation']}}",Secondary
1080,treat1,myCOPD app,False,,29,90.0,0.0,90.0,False,,COPD,62.07,37.93,18.0,11.0,False,,65.9,7.3,,,,,,,,,,,Current: 7 (24.14%)~non-smoking (inferred): 22,,,,Years of smoking: 39.0±11.0,,,,"other: COPD severity: Mild 7 (24.14%), Moderate 22 (75.86%)~disease_duration_years_mean: 7.9~disease_duration_years_sd: 6.9~CAT_mean: 21.5~CAT_sd: 8.0~EQ5D_mean: 0.6~EQ5D_sd: 0.3~EQ5D_VAS_mean: 61.9~EQ5D_VAS_sd: 20.6~other: PAM score: 59.9±15.9~other: PAM level: 1: 6 (20.69%), 2: 8 (27.59%), 3: 9 (31.03%), 4: 6 (20.69%)~other: SEAMS: 32.8±5.7~other: ≥1 critical inhaler error: 21 (72.41%)~other: average errors per device: 1.1±1.3~steps_per_day_mean: 4948.7~steps_per_day_sd: 1667.6~other: ≥1 exacerbation past 3 months: 11 (37.93%)~other: treated with antibiotics past 3 months: 10 (34.48%)~other: treated with steroids past 3 months: 8 (27.59%)",3,home-based app intervention; participants attended site visits for assessments but no ongoing clinical guidance during app use,moderate,"Delivery location is home-based (app). Clinical responsibility: no ongoing clinical guidance, but participants were under clinical teams for recruitment. Step 1 signals: delivery suggests 3, responsibility unclear. Step 2: no provider type described. Coded 3 based on delivery location.",2,PAM,59.9,SD 15.9,1,have internet access and be able to use a web platform in English,0,,False,,1,'how to use' video provided on app content and usage,0,,False,,,,False,,,,,,,,"{'prompt_version': 'v11', 'model': 'ds-flash', 'extracted_at': '2026-05-07T23:55:40.040394', 'study_info': {'n_arms': 2, 'arm_labels': ['myCOPD', 'usual care']}}",Community
1080,control,standard care,False,,31,90.0,0.0,90.0,False,,COPD,35.48,64.52,11.0,20.0,False,,66.4,7.0,,,,,,,,,,,Current: 9 (29.03%)~non-smoking (inferred): 22,,,,Years of smoking: 38.6±12.5,,,,"other: COPD severity: Mild 7 (22.58%), Moderate 24 (77.42%)~disease_duration_years_mean: 6.1~disease_duration_years_sd: 5.9~CAT_mean: 19.8~CAT_sd: 5.3~EQ5D_mean: 0.7~EQ5D_sd: 0.2~EQ5D_VAS_mean: 63.3~EQ5D_VAS_sd: 19.7~other: PAM score: 69.0±13.8~other: PAM level: 1: 1 (3.23%), 2: 2 (6.45%), 3: 15 (48.39%), 4: 13 (41.94%)~other: SEAMS: 33.8±4.9~other: ≥1 critical inhaler error: 18 (58.06%)~other: average errors per device: 1.0±1.1~steps_per_day_mean: 9060.1~steps_per_day_sd: 5135.1~other: ≥1 exacerbation past 3 months: 3 (9.68%)~other: treated with antibiotics past 3 months: 2 (6.45%)~other: treated with steroids past 3 months: 3 (9.68%)",2,usual care at study sites (hospital outpatient clinics),low,Setting not explicitly described. Participants recruited from clinical teams and attended site visits. Assumed usual care at hospital outpatient clinics (secondary care). Alternative: primary care possible.,2,PAM,69.0,SD 13.8,1,have internet access and be able to use a web platform in English,0,,False,,0,,0,,False,,,,False,,,,,,,,"{'prompt_version': 'v11', 'model': 'ds-flash', 'extracted_at': '2026-05-07T23:55:40.040394', 'study_info': {'n_arms': 2, 'arm_labels': ['myCOPD', 'usual care']}}",Secondary
1203,treat1,telehealth monitoring with HealthHUB,False,,36,180.0,0.0,180.0,False,,COPD,61.11,38.89,22.0,14.0,False,,71.0,,,Range 54-88,,,,,,,,,,,,,,,,,other: receiving domiciliary oxygen (inclusion criterion),3,home-based telehealth monitoring with remote nurse monitoring; clinical governance held by GP/specialist but intervention delivered at home with no on-site clinical presence,moderate,"Step 1 split: clinical responsibility lies with GP/specialist (suggests 1 or 2), but delivery is fully home-based via telehealth equipment (suggests 3). Step 2 provider type (telehealth nurse employed by community care organization Silver Chain) and recruitment source (Silver Chain clients) both suggest community care setting. Coded 3.",0,,,,1,did not have a telephone landline; unable to use the telehealth equipment because of cognitive or physical impairment,1,HealthHUB portable unit installed at home; all equipment provided by trial,False,,1,telehealth nurse installed equipment and trained participants in its use; provided telehealth instruction manual,1,telehealth nurse monitored daily and phoned participants when alerts triggered; participants could call nurse for advice/support,False,,,,True,,Solo: 25.00%~With others: 75.00%,,,,,,"{'prompt_version': 'v11', 'model': 'ds-flash', 'extracted_at': '2026-05-07T23:56:37.281103', 'study_info': {'n_arms': 2, 'arm_labels': ['telehealth group', 'information-only group']}}",Community
1203,control,information-only group,False,,35,180.0,0.0,180.0,False,,COPD,42.86,57.14,15.0,20.0,False,,74.0,,,Range 57-87,,,,,,,,,,,,,,,,,other: receiving domiciliary oxygen (inclusion criterion),3,usual care with COPD book provided at home; no ongoing clinical contact; participants recruited from Silver Chain (community care organization),moderate,"Only delivery location described (home-based, suggests 3). Step 2 provider type (no provider; information-only) and recruitment source (Silver Chain community care clients) both confirm 3. Clinical responsibility not explicitly stated for control group.",0,,,,1,did not have a telephone landline; unable to use the telehealth equipment because of cognitive or physical impairment,0,,False,,0,,0,,False,,,,True,,Solo: 37.14%~With others: 62.86%,,,,,,"{'prompt_version': 'v11', 'model': 'ds-flash', 'extracted_at': '2026-05-07T23:56:37.281103', 'study_info': {'n_arms': 2, 'arm_labels': ['telehealth group', 'information-only group']}}",Community
1228,control,usual care with leaflet and discussion,False,,172,84.0,0.0,84.0,False,,COPD,37.21,62.79,64.0,108.0,False,,67.0,8.0,,,25.9,4.8,,,,,,,Active: 51 (29.65%)~non-smoking (inferred): 121,,,,,57.0,21.0,,"6MWD_mean: 448~6MWD_sd: 106~6MWD_pct_pred_mean: 72~6MWD_pct_pred_sd: 16~CAT_median: 13~CAT_iqr: 8-19~GOLD_stage: A: 38.37%, B: 9.88%, C: 21.51%, D: 30.23%~steps_per_day_mean: 5120~steps_per_day_sd: 2932~MVPA_min_per_day_median: 15~MVPA_min_per_day_iqr: 5-34~walking_time_mean: 72~walking_time_sd: 36~other: QF_mean: 31.6~other: QF_sd: 9.5~other: MI_mean: 1.86~other: MI_sd: 0.36~other: Sedentary: 95 (57.58%)~other: Recent severe AECOPD: 9 (5.23%)~other: Comorbidity: 91 (52.91%)~CCQ_mental_median: 1~CCQ_mental_iqr: 0-2~CCQ_functional_median: 1.5~CCQ_functional_iqr: 0.75-2.5~CCQ_symptoms_median: 1.75~CCQ_symptoms_iqr: 1.5-2.75",2,usual care with leaflet discussion at hospital outpatient visit; participants recruited from hospital outpatient clinics,moderate,"Step 1 split: clinical responsibility lies with hospital investigators (suggests 2), but delivery is home-based via smartphone app (suggests 3). Step 2 provider type (hospital investigators deliver remote coaching) and recruitment source (hospital outpatient clinics) confirmed 2.",0,,,,1,unable to understand or operate a smartphone device,0,,True,It is unclear whether the smartphone was provided by the trial or required participant ownership; the paper lists 'smartphone with Fitbug application' as a component but does not explicitly state provision.,0,,1,"telephone contacts triggered for non-compliance with step counter wearing, data transmission failure, or lack of progress",False,,,,False,,,,,,,,"{'prompt_version': 'v11', 'model': 'ds-flash', 'extracted_at': '2026-05-08T00:12:30.055230', 'study_info': {'n_arms': 2, 'arm_labels': ['usual care', 'intervention']}}",Secondary
1228,treat1,"telecoaching intervention with step counter, smartphone app, booklet, text messages, telephone contacts",False,,171,84.0,0.0,84.0,False,,COPD,35.09,64.91,60.0,111.0,False,,66.0,8.0,,,26.7,5.3,,,,,,,Active: 39 (22.81%)~non-smoking (inferred): 132,,,,,55.0,20.0,,"6MWD_mean: 438~6MWD_sd: 107~6MWD_pct_pred_mean: 70~6MWD_pct_pred_sd: 16~CAT_median: 13~CAT_iqr: 7-20~GOLD_stage: A: 30.41%, B: 9.36%, C: 25.15%, D: 35.09%~steps_per_day_mean: 4634~steps_per_day_sd: 2697~MVPA_min_per_day_median: 12~MVPA_min_per_day_iqr: 4-26~walking_time_mean: 69~walking_time_sd: 34~other: QF_mean: 31.0~other: QF_sd: 10.9~other: MI_mean: 1.82~other: MI_sd: 0.30~other: Sedentary: 104 (64.20%)~other: Recent severe AECOPD: 8 (4.68%)~other: Comorbidity: 102 (59.65%)~CCQ_mental_median: 1~CCQ_mental_iqr: 0-2.5~CCQ_functional_median: 1.5~CCQ_functional_iqr: 1-2.75~CCQ_symptoms_median: 1.75~CCQ_symptoms_iqr: 1.25-2.5",2,home-based telecoaching intervention with remote support from hospital investigators; participants recruited from hospital outpatient clinics,moderate,"Step 1 split: clinical responsibility lies with hospital investigators (suggests 2), but delivery is home-based via smartphone app (suggests 3). Step 2 provider type (hospital investigators deliver remote coaching) and recruitment source (hospital outpatient clinics) confirmed 2.",0,,,,1,unable to understand or operate a smartphone device,0,,True,It is unclear whether the smartphone was provided by the trial or required participant ownership; the paper lists 'smartphone with Fitbug application' as a component but does not explicitly state provision.,0,,1,"telephone contacts triggered for non-compliance with step counter wearing, data transmission failure, or lack of progress",False,,,,False,,,,,,,,"{'prompt_version': 'v11', 'model': 'ds-flash', 'extracted_at': '2026-05-08T00:12:30.055230', 'study_info': {'n_arms': 2, 'arm_labels': ['usual care', 'intervention']}}",Secondary
1288,treat1,tele-rehabilitation with telehealth monitor,False,,57,120.0,180.0,300.0,False,,COPD,,,,,False,,,,,Median 68 (IQR 45-82),,,"Median 25.5, range 16.0-41.0",,,,,"Median systolic/diastolic 136/81, range 97/52 to 180/126",,,,,,,,"Median FEV1 0.90 L, range 0.26-2.09",other: bodyweight median 72.9 kg (range 39.0-118.0)~other: SpO2 median 93.5% (range 89.0-99.0)~other: heart rate median 82 bpm (range 57-111)~other: MRC dyspnoea score median 3.6 (range 2-5),2,home-based telehealth monitoring with remote support from primary and secondary care professionals; monthly video meetings for coordination,moderate,"Step 1: delivery home-based (suggests 3), clinical responsibility shared across GP, district nurses, health-care centre, hospital (suggests 1 or 2). Step 2 confirms hospital involvement via specialist monitoring and video meetings, favoring 2.",0,,,,0,,1,"telehealth monitor device installed at home, step counter provided",False,,1,patients taught how to measure clinical values and how to use a step counter upon installation,0,,False,,,,False,,,,,,,,"{'prompt_version': 'v11', 'model': 'ds-flash', 'extracted_at': '2026-05-07T23:49:15.476824', 'study_info': {'n_arms': 2, 'arm_labels': ['tele-rehabilitation', 'control']}}",Secondary
1288,control,standard regime for rehabilitation (home exercises with no planned contact),False,,48,120.0,180.0,300.0,False,,COPD,,,,,False,,,,,Median 68 (IQR 46-89),,,"Median 24.6, range 13.5-38.5",,,,,"Median systolic/diastolic 134/78, range 107/57 to 165/98",,,,,,,,"Median FEV1 0.93 L, range 0.33-2.13",other: bodyweight median 69.3 kg (range 38.0-123.7)~other: SpO2 median 94.3% (range 86.0-98.0)~other: heart rate median 80 bpm (range 46-115)~other: MRC dyspnoea score median 3.8 (range 2-5),2,home-based exercise with no planned contact; patients instructed at inclusion and then responsible for performing activities themselves,moderate,"Step 1: delivery home-based (suggests 3), no clinical responsibility described for control after initial instruction. Step 2: recruitment from same settings as intervention (GP, hospital, health-care centre, district nursing) suggests participants remain under usual care from those providers; coded 2 by inheritance of recruitment setting.",0,,,,0,,0,,False,,0,,0,,False,,,,False,,,,,,,,"{'prompt_version': 'v11', 'model': 'ds-flash', 'extracted_at': '2026-05-07T23:49:15.476824', 'study_info': {'n_arms': 2, 'arm_labels': ['tele-rehabilitation', 'control']}}",Secondary
1400,treat1,telemedicine intervention,False,,210,,,,True,"The paper reports a cohort study covering 2009-2013 with three periods (pre-RCT, during RCT, post-RCT). The 'during RCT' period is the intervention period, but its exact duration in days is not specified. The total study period is 5 years (1825 days), but the intervention period within that is not clearly delineated.",COPD,60.48,39.52,127.0,83.0,False,,71.99,9.6,,,,,,,,,,,,,,,,,,,,2,Patients were admitted to Odense University Hospital (OUH) for acute exacerbation of COPD. The telemedicine intervention was subsequent to admission. Clinical responsibility lies with hospital specialists.,high,,0,,,,0,,0,,True,The paper does not describe what equipment was provided for the telemedicine intervention or whether participants needed to own any hardware.,0,,0,,False,,,,False,,,,,,,,"{'prompt_version': 'v11', 'model': 'ds-flash', 'extracted_at': '2026-05-07T23:51:27.456650', 'study_info': {'n_arms': 2, 'arm_labels': ['telemedicine', 'control']}}",Secondary
1400,control,no telemedicine intervention (usual care),False,,3931,,,,True,"The paper reports a cohort study covering 2009-2013 with three periods (pre-RCT, during RCT, post-RCT). The 'during RCT' period is the intervention period, but its exact duration in days is not specified. The total study period is 5 years (1825 days), but the intervention period within that is not clearly delineated.",COPD,51.56,48.44,2027.0,1904.0,False,,71.97,11.75,,,,,,,,,,,,,,,,,,,,2,Patients were admitted to Odense University Hospital (OUH) for acute exacerbation of COPD. The control group received usual care at the hospital.,high,,0,,,,0,,0,,True,The paper does not describe what equipment was provided for the telemedicine intervention or whether participants needed to own any hardware.,0,,0,,False,,,,False,,,,,,,,"{'prompt_version': 'v11', 'model': 'ds-flash', 'extracted_at': '2026-05-07T23:51:27.456650', 'study_info': {'n_arms': 2, 'arm_labels': ['telemedicine', 'control']}}",Secondary
1537,treat1,"EDGE platform-based intervention (tablet, oximeter, daily monitoring, self-management support)",False,,110,365.0,0.0,365.0,False,,COPD,38.18,61.82,42.0,68.0,False,,69.8,9.1,,,28.6,7.1,,,,,,,Current: 23 (20.91%)~Ex-smoker (<2 years): 17 (15.45%)~Ex-smoker (≥2 years): 70 (63.64%),,,,,47.4,15.6,,"other: FEV1_or_FVC_mean: 47.6 (SD 11.3)~other: COPD_medications_median: 5 (IQR 3-6)~other: other_medications_median: 4 (IQR 2-7)~GOLD_stage: Moderate: 37.27%, Severe or very severe: 62.73%~MRC_distribution: 2: 15.45%, 3: 67.27%, 4: 17.27%~other: any_comorbidity: 89 (80.91%)~SGRQ_total_mean: 56.4~SGRQ_total_sd: 19.7~other: SCL-10A_median: 0.3 (IQR 0.1-0.9)~other: SCL-20_median: 0.53 (IQR 0.3-1.15)~other: BMQ_mean: 24.6 (SD 4.8)~other: MARS_mean: 23.4 (SD 2.3)~EQ5D_mean: 0.62~EQ5D_sd: 0.24~other: deprivation_score_mean: 22440 (SD 7951.9)",2,"home-based digital intervention with remote monitoring by respiratory clinicians (nurse, physiotherapist, doctor) from the local clinical respiratory team",moderate,"Step 1 split: clinical responsibility by respiratory specialists (suggests 2), delivery at home (suggests 3). Step 2 provider type (hospital/community respiratory team) confirms 2.",0,,,,0,,1,Android tablet computer and Bluetooth-enabled pulse oximeter provided,False,,1,brief instruction by research nurse and information booklet on use of EDGE platform,0,,False,,,,True,,,,,,,,"{'prompt_version': 'v11', 'model': 'ds-flash', 'extracted_at': '2026-05-07T23:55:51.905964'}",Secondary
1537,control,"standardized usual care (leaflets, no digital component)",False,,56,365.0,0.0,365.0,False,,COPD,39.29,60.71,22.0,34.0,False,,69.8,10.6,,,29.1,7.8,,,,,,,Current: 13 (23.21%)~Ex-smoker (<2 years): 8 (14.29%)~Ex-smoker (≥2 years): 35 (62.50%),,,,,50.1,16.9,,"other: FEV1_or_FVC_mean: 49.8 (SD 11.5)~other: COPD_medications_median: 5 (IQR 4-6)~other: other_medications_median: 5 (IQR 2.5-8)~GOLD_stage: Moderate: 41.07%, Severe or very severe: 58.93%~MRC_distribution: 2: 17.86%, 3: 69.64%, 4: 12.50%~other: any_comorbidity: 47 (83.93%)~SGRQ_total_mean: 55.5~SGRQ_total_sd: 16.2~other: SCL-10A_median: 0.3 (IQR 0-0.5)~other: SCL-20_median: 0.68 (IQR 0.3-1.1)~other: BMQ_mean: 25.3 (SD 5.7)~other: MARS_mean: 22.5 (SD 3.8)~EQ5D_mean: 0.63~EQ5D_sd: 0.24~other: deprivation_score_mean: 22777 (SD 7261.5)",2,"standardized usual care; participants recruited from primary and secondary care settings, likely receiving care from their usual providers",low,"No explicit setting described for control arm; inferred from recruitment sources (primary and secondary care). Coded as 2 based on likely hospital specialist involvement, but confidence low.",0,,,,0,,0,,False,,0,,0,,False,,,,True,,,,,,,,"{'prompt_version': 'v11', 'model': 'ds-flash', 'extracted_at': '2026-05-07T23:55:51.905964'}",Secondary
1672,treat1,telerehabilitation program (TelePR),False,,46,365.0,0.0,365.0,False,,COPD,34.78,65.22,16.0,30.0,False,,62.3,8.2,,,26.88,5.64,,,,,,,,,,,,42.09,14.59,,FEV1_L_mean: 1.16~FEV1_L_sd: 0.39~FVC_L_mean: 2.65~FVC_L_sd: 0.70~FVC_pct_mean: 72.82~FVC_pct_sd: 16.61~FEV1_FVC_ratio_mean: 44.76~FEV1_FVC_ratio_sd: 12.04~TLCO_pct_mean: 55.16~TLCO_pct_sd: 18.56~KCO_pct_mean: 65.97~KCO_pct_sd: 18.82~TLC_pct_mean: 111.46~TLC_pct_sd: 26.16~FRC_pct_mean: 136.69~FRC_pct_sd: 44.88~CPET_Wmax_mean: 76.50~CPET_Wmax_sd: 35.53~VO2peak_mean: 15.71~VO2peak_sd: 3.82~6MWD_mean: 445.07~6MWD_sd: 101.99~PaO2_mean: 70.64~PaO2_sd: 16.65~PaCO2_mean: 39.00~PaCO2_sd: 5.75~SpO2_mean: 94.44~SpO2_sd: 2.47~BODE_mean: 3.56~BODE_sd: 1.63~mMRC_mean: 2.00~mMRC_sd: 0.92~CAT_mean: 16.02~CAT_sd: 6.08~GOLD_stage_mean: 2.93~GOLD_stage_sd: 0.86~other: GESEPOC_mean: 2.31 (SD 1.00)~Charlson_mean: 5.73~Charlson_sd: 11.55~SF36_PCS_mean: 52.02~SF36_PCS_sd: 20.18~SF36_MCS_mean: 70.98~SF36_MCS_sd: 18.78~CRQ_dyspnea_mean: 5.18~CRQ_dyspnea_sd: 1.21~CRQ_fatigue_mean: 4.69~CRQ_fatigue_sd: 1.09~CRQ_emotion_mean: 5.13~CRQ_emotion_sd: 1.16~CRQ_mastery_mean: 5.22~CRQ_mastery_sd: 1.46~Borg_rest_mean: 0.61~Borg_rest_sd: 1.02~other: BORG1-Leg_mean: 0.70 (SD 1.53)~Borg_post_exercise_mean: 4.78~Borg_post_exercise_sd: 2.65~other: BORG2-Leg_mean: 2.85 (SD 2.63),2,home-based telerehabilitation with remote specialist support from hospital pulmonology team,moderate,"Step 1 split: clinical responsibility lies with hospital specialist (suggests 2), but delivery is home-based (suggests 3). Step 2 provider type (hospital-employed staff monitor via remote platform) confirmed 2.",0,,,,0,,1,"telerehabilitation kit (mobile phone, pulse oximeter, dumbbells, exercise bicycle) provided",False,,1,user guide with detailed instructions on use of mobile device,0,,False,,,,False,,,,,,,,"{'prompt_version': 'v11', 'model': 'ds-flash', 'extracted_at': '2026-05-07T23:51:24.632942', 'study_info': {'n_arms': 2, 'arm_labels': ['usual care', 'telePR programme']}}",Secondary
1672,control,usual care,False,,48,365.0,0.0,365.0,False,,COPD,31.25,68.75,15.0,33.0,False,,63.0,6.6,,,27.42,4.82,,,,,,,,,,,,45.87,17.24,,FEV1_L_mean: 1.26~FEV1_L_sd: 0.48~FVC_L_mean: 2.83~FVC_L_sd: 0.74~FVC_pct_mean: 73.38~FVC_pct_sd: 16.39~FEV1_FVC_ratio_mean: 44.56~FEV1_FVC_ratio_sd: 11.60~TLCO_pct_mean: 62.71~TLCO_pct_sd: 18.95~KCO_pct_mean: 71.45~KCO_pct_sd: 18.52~TLC_pct_mean: 110.04~TLC_pct_sd: 24.57~FRC_pct_mean: 131.48~FRC_pct_sd: 37.70~CPET_Wmax_mean: 78.84~CPET_Wmax_sd: 27.87~VO2peak_mean: 16.95~VO2peak_sd: 5.00~6MWD_mean: 449.17~6MWD_sd: 92.16~PaO2_mean: 73.81~PaO2_sd: 13.53~PaCO2_mean: 40.00~PaCO2_sd: 4.66~SpO2_mean: 94.65~SpO2_sd: 2.56~BODE_mean: 3.21~BODE_sd: 1.46~mMRC_mean: 1.78~mMRC_sd: 0.77~CAT_mean: 15.87~CAT_sd: 7.83~GOLD_stage_mean: 3.00~GOLD_stage_sd: 0.82~other: GESEPOC_mean: 2.13 (SD 1.01)~Charlson_mean: 5.53~Charlson_sd: 11.00~SF36_PCS_mean: 54.03~SF36_PCS_sd: 22.72~SF36_MCS_mean: 75.43~SF36_MCS_sd: 18.44~CRQ_dyspnea_mean: 5.20~CRQ_dyspnea_sd: 1.41~CRQ_fatigue_mean: 4.76~CRQ_fatigue_sd: 1.31~CRQ_emotion_mean: 5.21~CRQ_emotion_sd: 1.28~CRQ_mastery_mean: 5.29~CRQ_mastery_sd: 1.50~Borg_rest_mean: 0.31~Borg_rest_sd: 0.75~other: BORG1-Leg_mean: 0.40 (SD 1.06)~Borg_post_exercise_mean: 3.92~Borg_post_exercise_sd: 2.65~other: BORG2-Leg_mean: 2.43 (SD 2.53),2,usual care with follow-up at hospital outpatient clinics,moderate,"Step 1 split: clinical responsibility lies with hospital specialist (suggests 2), but delivery is home-based (suggests 3). Step 2 recruitment from hospital outpatient clinics confirmed 2.",0,,,,0,,0,,False,,0,,0,,False,,,,False,,,,,,,,"{'prompt_version': 'v11', 'model': 'ds-flash', 'extracted_at': '2026-05-07T23:51:24.632942', 'study_info': {'n_arms': 2, 'arm_labels': ['usual care', 'telePR programme']}}",Secondary
1800,treat1,pulmonary telerehabilitation,False,,67,70.0,364.0,434.0,False,,COPD,,,,,True,"Only overall gender reported (55% female), not per arm.",,,,Overall mean 68.3 (SD 9.0),,,,,,,,,,,,,Overall: 75% former smokers,,,Overall mean 33.1 (SD 9.4),other: Overall baseline 6MWD 327.3 m (102.8),2,home-based telerehabilitation with remote supervision by hospital-based therapist,moderate,"Step 1 split: clinical responsibility lies with hospital (suggests 2), delivery is home-based (suggests 3). Step 2 provider type (hospital-employed therapist delivers remotely) confirmed 2.",0,,,,0,,0,,True,Screen provided but unclear if internet connectivity is also provided; participant may need own internet.,0,,0,,False,,,,False,,,,,,,,"{'prompt_version': 'v11', 'model': 'ds-flash', 'extracted_at': '2026-05-07T23:59:20.776293'}",Secondary
1800,control,conventional pulmonary rehabilitation,False,,67,70.0,364.0,434.0,False,,COPD,,,,,True,"Only overall gender reported (55% female), not per arm.",,,,Overall mean 68.3 (SD 9.0),,,,,,,,,,,,,Overall: 75% former smokers,,,Overall mean 33.1 (SD 9.4),other: Overall baseline 6MWD 327.3 m (102.8),2,hospital outpatient pulmonary rehabilitation,high,,0,,,,0,,0,,False,,0,,0,,False,,,,False,,,,,,,,"{'prompt_version': 'v11', 'model': 'ds-flash', 'extracted_at': '2026-05-07T23:59:20.776293'}",Secondary
1952,treat1,telehomecare (Telekit),False,,47,300.0,0.0,300.0,False,,COPD,46.81,53.19,22.0,25.0,False,,70.2,9.06,,,,,,130.4,18.1,75.6,8.9,,,,,,,46.6,15.6,,FVC_pct_mean: 66.6~FVC_pct_sd: 19.4~HR_mean: 73.3~HR_sd: 13.3,3,home-based telehomecare monitored by community nurses,moderate,Step 1 split: clinical responsibility shared between GP (primary care) and community nurses (community care); delivery location home-based (community care). Step 2 provider type (community nurses) confirmed community care. Coded 3.,2,TOFHLA,70.26,"SD 18.68; subscales: numeracy 37.26 (9.30), reading comprehension 33.00 (11.87)",1,have a phone connection,1,"tablet, blood pressure monitor, scale, pulse oximeter",False,,1,"nurse demonstrated tablet operation and physical measurements, went through manual",1,"follow-up session at 3-4 weeks, contact information for community nurse",False,,,,True,,Living alone: 40.43%~Married or living with a partner: 59.57%,,,,Elementary school: 36.17%~High school: 6.38%~Higher education: 12.77%~Skilled: 44.68%,,"{'prompt_version': 'v11', 'model': 'ds-flash', 'extracted_at': '2026-05-08T00:12:45.874391'}",Community
1952,control,usual care,False,,43,300.0,0.0,300.0,False,,COPD,58.14,41.86,25.0,18.0,False,,69.5,10.12,,,,,,132.8,18.6,79.4,12.4,,,,,,,48.4,18.1,,FVC_pct_mean: 76.3~FVC_pct_sd: 16.6~HR_mean: 79.4~HR_sd: 13.4,1,usual care delivered by general practitioner and municipality nursing; participants recruited from GP lists,moderate,Only recruitment source (GP lists) available as signal; delivery location not explicitly described. Coded 1 based on GP responsibility.,2,TOFHLA,72.84,"SD 19.89; subscales: numeracy 36.95 (10.01), reading comprehension 35.88 (11.42)",1,have a phone connection (inclusion criterion for trial),0,,False,,0,,0,,False,,,,True,,Living alone: 60.47%~Married or living with a partner: 39.53%,,,,Elementary school: 18.60%~High school: 2.33%~Higher education: 20.93%~Skilled: 58.14%,,"{'prompt_version': 'v11', 'model': 'ds-flash', 'extracted_at': '2026-05-08T00:12:45.874391'}",Primary
2003,treat1,pulmonary tele-rehabilitation (PTR),False,,67,70.0,84.0,154.0,False,,COPD,52.24,47.76,35.0,32.0,False,,68.4,8.7,,,25.5,5.0,,,,,,,Never: 2 (2.99%)~Former: 51 (76.12%)~Current: 12 (17.91%)~non-smoking (inferred): 2,42.4,23.1,,Printed Former 79% vs recomputed 76.12% (discrepancy >1pp),32.6,10.3,,"FEV1_FVC_ratio_mean: 43.9~FEV1_FVC_ratio_sd: 11.3~GOLD_stage: I: 0%, II: 0%, III: 55%, IV: 45%~GOLD_stage: A: 5%, B: 34%, C: 3%, D: 58%~LTOT_pct: 16.42%~SpO2_mean: 94.6~SpO2_sd: 2.4~mMRC_distribution: 2: 2.99%, 3: 44.78%, 4: 40.30%, 5: 11.94%~BODE_median: 5.0~BODE_iqr: 4-7~other: Charlson Comorbidity Index: 1: 45%, 2: 40%, ≥3: 15%~exacerbations_prior_year_median: 2~exacerbations_prior_year_iqr: 0-4~6MWD_mean: 322.3~6MWD_sd: 108.3~other: 30sec-STS_mean: 9.9~other: 30sec-STS_sd: 4.7~steps_per_day_mean: 2779~steps_per_day_sd: 1966~sedentary_min_per_day_mean: 1244~sedentary_min_per_day_sd: 121~other: active_min_per_day_mean: 196~other: active_min_per_day_sd: 121~CAT_mean: 19.8~CAT_sd: 7.3~HADS_anxiety_mean: 6.8~HADS_anxiety_sd: 3.8~HADS_depression_mean: 4.5~HADS_depression_sd: NA~EQ5D_VAS_mean: 51.5~EQ5D_VAS_sd: 19.4~EQ5D_mean: 0.66~EQ5D_sd: 0.20~CCQ_symptoms_mean: 2.8~CCQ_symptoms_sd: 1.2~CCQ_functional_mean: 2.8~CCQ_functional_sd: 1.1~CCQ_mental_mean: 2.8~CCQ_mental_sd: 1.5~CCQ_total_mean: 2.7~CCQ_total_sd: 0.9~other: Walking aid: 34%",2,home-based tele-rehabilitation supervised by hospital physiotherapists and nurses via videoconference,moderate,"Step 1 split: clinical responsibility lies with hospital specialist (suggests 2), but delivery is home-based via videoconference (suggests 3). Step 2 provider type (hospital-employed physiotherapists and nurses) confirmed 2.",0,,,,0,,1,"single touch screen, step-box, dumbbells provided and installed by technician",False,,0,,0,,False,,,,False,,,,,,,,"{'prompt_version': 'v11', 'model': 'ds-flash', 'extracted_at': '2026-05-08T00:02:57.395280', 'study_info': {'n_arms': 2, 'arm_labels': ['conventional pulmonary rehabilitation', 'pulmonary tele-rehabilitation']}}",Secondary
2003,control,conventional pulmonary rehabilitation (PR),False,,67,70.0,84.0,154.0,False,,COPD,58.21,41.79,39.0,28.0,False,,68.2,9.4,,,25.9,6.4,,,,,,,Never: 1 (1.49%)~Former: 48 (71.64%)~Current: 18 (26.87%),44.5,17.3,,,33.7,8.4,,"FEV1_FVC_ratio_mean: 42.7~FEV1_FVC_ratio_sd: 11.1~GOLD_stage: I: 0%, II: 0%, III: 67%, IV: 33%~GOLD_stage: A: 0%, B: 33%, C: 4%, D: 63%~LTOT_pct: 13.43%~SpO2_mean: 94.8~SpO2_sd: 3.1~mMRC_distribution: 3: 52.24%, 4: 34.33%, 5: 13.43%~BODE_median: 5.0~BODE_iqr: 4-6~other: Charlson Comorbidity Index: 1: 34%, 2: 33%, ≥3: 33%~exacerbations_prior_year_median: 2~exacerbations_prior_year_iqr: 1-3~6MWD_mean: 332.3~6MWD_sd: 97.5~other: 30sec-STS_mean: 9.6~other: 30sec-STS_sd: 3.8~steps_per_day_mean: 3422~steps_per_day_sd: 2335~sedentary_min_per_day_mean: 1164~sedentary_min_per_day_sd: 134~other: active_min_per_day_mean: 276~other: active_min_per_day_sd: 134~CAT_mean: 20.4~CAT_sd: 6.6~HADS_anxiety_mean: 5.9~HADS_anxiety_sd: 3.1~HADS_depression_mean: 4.1~HADS_depression_sd: 3.1~EQ5D_VAS_mean: 53.9~EQ5D_VAS_sd: 19.1~EQ5D_mean: 0.70~EQ5D_sd: 0.12~CCQ_symptoms_mean: 3.0~CCQ_symptoms_sd: 1.2~CCQ_functional_mean: 3.0~CCQ_functional_sd: 1.3~CCQ_mental_mean: 2.9~CCQ_mental_sd: 1.4~CCQ_total_mean: 2.9~CCQ_total_sd: 1.0~other: Walking aid: 33%",2,hospital outpatient pulmonary rehabilitation,high,,0,,,,0,,0,,False,,0,,0,,False,,,,False,,,,,,,,"{'prompt_version': 'v11', 'model': 'ds-flash', 'extracted_at': '2026-05-08T00:02:57.395280', 'study_info': {'n_arms': 2, 'arm_labels': ['conventional pulmonary rehabilitation', 'pulmonary tele-rehabilitation']}}",Secondary
2125,treat1,"telemonitoring with pulse oximeter, thermometer, sphygmomanometer, and online diary",False,,53,60.0,120.0,180.0,False,,COPD,18.87,81.13,10.0,43.0,False,,81.4,7.8,,,20.2,4.3,,,,,,,,58.0,43.0,,,62.0,23.0,,"FEV1_FVC_ratio_mean: 0.53~FEV1_FVC_ratio_sd: 0.11~GOLD_stage: Mild/moderate: 66.04%, Severe/very severe: 33.96%~other: Admission in prior year: 30.19%~other: ER visit in prior year: 35.85%~comorbid_IHD_pct: 22.64%~comorbid_HF_pct: 26.42%~comorbid_hypertension_pct: 52.83%~comorbid_diabetes_pct: 20.75%",2,home-based telemonitoring with remote specialist support from hospital pulmonology team,moderate,"Step 1 split: clinical responsibility lies with hospital pulmonologists (suggests 2), but delivery is home-based (suggests 3). Step 2 provider type (hospital-employed study nurses and pulmonologists deliver remote monitoring) confirmed 2.",0,,,,1,accessibility to the internet and phone required; unable to access study website excluded,0,,False,,1,trained in use of equipment and online diary by study nurses prior to discharge,0,,False,,,,False,,,,,,,,"{'prompt_version': 'v11', 'model': 'ds-flash', 'extracted_at': '2026-05-07T23:52:54.418425', 'study_info': {'n_arms': 2, 'arm_labels': ['telemonitoring', 'usual care']}}",Secondary
2125,control,usual care,False,,53,60.0,120.0,180.0,False,,COPD,28.3,71.7,15.0,38.0,False,,79.0,9.6,,,20.2,4.1,,,,,,,,47.0,31.0,,,62.0,21.0,,"FEV1_FVC_ratio_mean: 0.55~FEV1_FVC_ratio_sd: 0.09~GOLD_stage: Mild/moderate: 64.15%, Severe/very severe: 35.85%~other: Admission in prior year: 35.85%~other: ER visit in prior year: 32.08%~comorbid_IHD_pct: 16.98%~comorbid_HF_pct: 24.53%~comorbid_hypertension_pct: 62.26%~comorbid_diabetes_pct: 18.87%",1,usual care delivered by primary care physicians,high,,0,,,,1,accessibility to the internet and phone required; unable to access study website excluded,0,,False,,0,,0,,False,,,,False,,,,,,,,"{'prompt_version': 'v11', 'model': 'ds-flash', 'extracted_at': '2026-05-07T23:52:54.418425', 'study_info': {'n_arms': 2, 'arm_labels': ['telemonitoring', 'usual care']}}",Primary
2172,control,"usual care (no rehabilitation, no contact, only advice during hospital stay)",False,,15,30.0,0.0,30.0,False,,COPD,40.0,60.0,6.0,9.0,False,,68.0,6.0,,,29.0,5.0,,,,,,,,,,,,48.0,18.0,,FEV1_FVC_ratio_mean: 47~FEV1_FVC_ratio_sd: 13~other: QF (Nm) mean: 112 (SD 28)~other: QF (% predicted) mean: 85 (SD 43)~6MWD_mean: 317~6MWD_sd: 95~6MWD_pct_pred_mean: 53~6MWD_pct_pred_sd: 16~other: Stops during 6MWD mean: 0.66 (SD 0.62)~other: Duration of stops (s) mean: 38 (SD 48)~steps_per_day_mean: 1557~steps_per_day_sd: 1319~other: PAwalk (minutes/day) mean: 20 (SD 17)~other: PAint (m/s2) mean: 1.34 (SD 0.50)~mMRC_median: 2~mMRC_iqr: 2-3~CAT_median: 19~CAT_iqr: 15-22,2,home-based pedometer and telephone counseling with hospital physiotherapist support; recruited from university hospital,moderate,"Step 1 split: clinical responsibility with hospital specialist (suggests 2), delivery at home (suggests 3). Step 2 provider type (hospital-employed physiotherapist delivers telephone counseling) confirmed 2.",0,,,,1,Ability to work with electronic devices required,0,,False,,0,,0,,False,,,,False,,,,,,,,"{'prompt_version': 'v11', 'model': 'ds-flash', 'extracted_at': '2026-05-07T23:56:01.466738', 'study_info': {'n_arms': 2, 'arm_labels': ['Control', 'Intervention']}}",Secondary
2172,treat1,pedometer (Fitbit Ultra) with real-time feedback and telephone counseling 3x/week,False,,15,30.0,0.0,30.0,False,,COPD,46.67,53.33,7.0,8.0,False,,66.0,7.0,,,25.0,9.0,,,,,,,,,,,,38.0,17.0,,FEV1_FVC_ratio_mean: 41~FEV1_FVC_ratio_sd: 14~other: QF (Nm) mean: 84 (SD 42)~other: QF (% predicted) mean: 71 (SD 38)~6MWD_mean: 235~6MWD_sd: 134~6MWD_pct_pred_mean: 36~6MWD_pct_pred_sd: 18~other: Stops during 6MWD mean: 1.23 (SD 0.92)~other: Duration of stops (s) mean: 81 (SD 61)~steps_per_day_mean: 1644~steps_per_day_sd: 2751~other: PAwalk (minutes/day) mean: 22 (SD 35)~other: PAint (m/s2) mean: 1.46 (SD 0.25)~mMRC_median: 3~mMRC_iqr: 2-3~CAT_median: 25~CAT_iqr: 13-28,2,home-based pedometer and telephone counseling with hospital physiotherapist support; recruited from university hospital,moderate,"Step 1 split: clinical responsibility with hospital specialist (suggests 2), delivery at home (suggests 3). Step 2 provider type (hospital-employed physiotherapist delivers telephone counseling) confirmed 2.",0,,,,1,Ability to work with electronic devices required,0,,False,,0,,0,,False,,,,False,,,,,,,,"{'prompt_version': 'v11', 'model': 'ds-flash', 'extracted_at': '2026-05-07T23:56:01.466738', 'study_info': {'n_arms': 2, 'arm_labels': ['Control', 'Intervention']}}",Secondary
2391,control,standard hospital treatment,False,,28,,180.0,180.0,True,Intervention duration is variable (from admission to discharge); no fixed intervention period. Follow-up is 180 days post-discharge.,COPD,60.71,39.29,17.0,11.0,False,,,,,<60: 5 (17.9%); 60-70: 8 (28.6%); 70-80: 9 (32.1%); >80: 6 (21.4%),,,,,,,,,Former smoker: 14 (50.00%)~Never smoker: 0 (0.00%)~Smoker: 14 (50.00%),,,,,,,,"FEV1_L_median: 0.7~FEV1_L_range: 0.4-1.8~FVC_L_median: 1.6~FVC_L_range: 0.7-3.4~respiratory_rate_median: 20.0~respiratory_rate_range: 12-36~SpO2_median: 93.0~SpO2_range: 89-99~HR_median: 88.5~HR_range: 49-126~LTOT_pct: 7.14%~SGRQ_total_median: 65.3~SGRQ_total_range: 34.1-85.7~CCQ_total_median: 3.3~CCQ_total_range: 1.6-5.1~EQ5D_median: 0.7~EQ5D_range: 0.077-1~EQ5D_VAS_median: 50.0~EQ5D_VAS_range: 24-89~COPD_readmissions_6mo_prior: 0: 16 (57.14%), 1: 8 (28.57%), >1: 4 (14.29%)",2,standard hospital treatment for an exacerbation,high,,0,,,,0,,0,,False,,0,,0,,False,,,,True,,Living alone: 20 (71.43%)~Living with spouse: 8 (28.57%),,,,,,"{'prompt_version': 'v11', 'model': 'ds-flash', 'extracted_at': '2026-05-07T23:53:38.683382', 'study_info': {'n_arms': 2, 'arm_labels': ['control', 'intervention']}}",Secondary
2391,treat1,telehealth group (home-based hospitalization with telemonitoring equipment),False,,29,,180.0,180.0,True,Intervention duration is variable (from admission to discharge); no fixed intervention period. Follow-up is 180 days post-discharge.,COPD,62.07,37.93,18.0,11.0,False,,,,,<60: 5 (17.2%); 60-70: 8 (27.6%); 70-80: 10 (34.5%); >80: 6 (20.7%),,,,,,,,,Former smoker: 12 (41.38%)~Never smoker: 1 (3.45%)~Smoker: 16 (55.17%),,,,,,,,"FEV1_L_median: 0.7~FEV1_L_range: 0.4-2.1~FVC_L_median: 1.5~FVC_L_range: 0.5-3.4~respiratory_rate_median: 20.0~respiratory_rate_range: 16-25~SpO2_median: 93.0~SpO2_range: 86-98~HR_median: 91.0~HR_range: 59-130~LTOT_pct: 3.45%~SGRQ_total_median: 74.4~SGRQ_total_range: 31.9-84.0~CCQ_total_median: 4.1~CCQ_total_range: 1.3-5.4~EQ5D_median: 0.7~EQ5D_range: 0.197-1~EQ5D_VAS_median: 42.5~EQ5D_VAS_range: 10-80~COPD_readmissions_6mo_prior: 0: 17 (58.62%), 1: 6 (20.69%), >1: 6 (20.69%)",2,home-based telehealth hospitalization with remote specialist support from hospital pulmonology team,high,,0,,,,0,,1,"touch screen with Webcam, pulse oximeter, spirometer, thermometer, nebulizer, oxygen compressor, medicine box, wireless broadband",False,,0,,1,unscheduled and acute contacts 24/7 via 'call hospital' button on touch screen; hospital personnel instructed to treat telehealth participants same as in-hospital,False,,,,True,,Living alone: 15 (51.72%)~Living with spouse: 14 (48.28%),,,,,,"{'prompt_version': 'v11', 'model': 'ds-flash', 'extracted_at': '2026-05-07T23:53:38.683382', 'study_info': {'n_arms': 2, 'arm_labels': ['control', 'intervention']}}",Secondary
2430,treat1,Telemedicine group (tele-monitoring intervention),False,,32,270.0,0.0,270.0,False,,COPD,18.75,81.25,6.0,26.0,False,,64.1,10.9,,,27.6,6.7,,,,,,,,,,,,50.2,15.0,,Resting_SpO2_mean: 95.4~Resting_SpO2_sd: 1.7~PEF_L_min_mean: 3.7~PEF_L_min_sd: 1.23~MMRC_mean: 1.9~MMRC_sd: 1.1~GOLD_stage_mean: 2.6~GOLD_stage_sd: 0.8~BODE_mean: 3.2~BODE_sd: 3.1~SGRQ_total_mean: 51.3~SGRQ_total_sd: 18.7~CAT_mean: 19.0~CAT_sd: 6.9~6MWD_mean: 377~6MWD_sd: 88.0~6MWD_steps_mean: 522~6MWD_steps_sd: 113~other: Long_AC: 78%~other: ICS/LABA: 72%,2,home-based telemonitoring with remote monitoring by hospital study team,moderate,"Step 1 split: clinical responsibility lies with hospital specialist (suggests 2), but delivery is home-based (suggests 3). Step 2 provider type (study nurse and physician employed by hospital) confirmed 2.",0,,,,0,,1,"PDA, spirometer, accelerometer, and distance wheel provided; data transmission via mobile network included",False,,1,thorough training on all technical equipment at baseline visit,1,study nurse available 5 days/week for technical support,False,,,,False,,,,,,,,"{'prompt_version': 'v11', 'model': 'ds-flash', 'extracted_at': '2026-05-07T23:54:04.287367'}",Secondary
2430,control,Control group (usual care),False,,30,270.0,0.0,270.0,False,,COPD,26.67,73.33,8.0,22.0,False,,69.1,9.2,,,27.0,4.9,,,,,,,,,,,,52.6,17.5,,Resting_SpO2_mean: 94.3~Resting_SpO2_sd: 3.6~PEF_L_min_mean: 4.4~PEF_L_min_sd: 1.4~MMRC_mean: 1.2~MMRC_sd: 0.93~GOLD_stage_mean: 2.5~GOLD_stage_sd: 0.9~BODE_mean: 2.9~BODE_sd: 3.0~SGRQ_total_mean: 48.7~SGRQ_total_sd: 14.7~CAT_mean: 17.6~CAT_sd: 5.0~6MWD_mean: 377~6MWD_sd: 78.0~6MWD_steps_mean: 553~6MWD_steps_sd: 103~other: Long_AC: 73%~other: ICS/LABA: 70%,2,usual care with regular follow-up visits at university hospital outpatient clinic,high,,0,,,,0,,0,,False,,0,,0,,False,,,,False,,,,,,,,"{'prompt_version': 'v11', 'model': 'ds-flash', 'extracted_at': '2026-05-07T23:54:04.287367'}",Secondary
2667,treat1,"multicomponent home-based disease management intervention (self-management programme, home monitoring, e-health telephone/web platform)",False,,157,365.0,0.0,365.0,False,,COPD,30.57,69.43,48.0,109.0,False,,67.3,8.9,,,26.8,6.2,,,,,,,Current: 34 (21.66%)~Former: 123 (78.34%),52.0,28.0,,Never-smokers excluded by inclusion criteria (≥10 pack-year smoking history required),37.8,12.4,,"6MWD_mean: 278~6MWD_sd: 115~mMRC_distribution: Grade 4: 12.74%, Grade 3: 30.57%, Grade 2: 38.22%, Grade 0-1: 18.47%~FEV1_L_mean: 1.00~FEV1_L_sd: 0.37~FEV1_FVC_ratio_mean: 45.7~FEV1_FVC_ratio_sd: 11.3~PaO2_mean: 62.3 mmHg~PaO2_sd: 11.1~PaCO2_mean: 44.3 mmHg~PaCO2_sd: 6.2~exacerbations_prior_year_mean: 1.3~exacerbations_prior_year_sd: 0.7~other: Patients with ≥2 hospitalised exacerbations in past 12 months: 20 (12.74%)~GOLD_stage: A: 4.46%, B: 5.10%, C: 13.38%, D: 71.97%~BODE_mean: 5.0~BODE_sd: 2.2~other: BODE index 7-10: 44 (28.03%)~LTOT_pct: 75.80%~other: Home mechanical ventilation: 39 (24.84%)~SGRQ_total_mean: 52.2~SGRQ_total_sd: 19.7~HADS_total_mean: 21.1~HADS_total_sd: 3.1~other: HADS moderate-severe anxiety: 34 (21.66%)~other: HADS moderate-severe depression: 116 (73.89%)~Charlson_mean: 4.2~Charlson_sd: 1.8~other: Number of concomitant diseases: 3.4±2.0~other: Total number of medications: 8.2±4.0",2,home-based disease management with remote monitoring and case manager follow-up; clinical decisions by hospital physicians,moderate,"Step 1 split: clinical responsibility lies with hospital specialist (suggests 2), but delivery is home-based (suggests 3). Step 2 provider type (hospital-employed case managers) confirmed 2.",0,,,,0,,0,,True,Unclear whether participants used their own telephone/web access or if equipment was provided; no explicit description,0,,0,,False,,,,True,,Living with partner: 111 (70.70%),,,Urban: 100 (63.69%),,,"{'prompt_version': 'v11', 'model': 'ds-flash', 'extracted_at': '2026-05-07T23:56:43.455489', 'study_info': {'n_arms': 2, 'arm_labels': ['disease management', 'usual management']}}",Secondary
2667,control,usual care and routine follow-up at hospital outpatient clinics,False,,162,365.0,0.0,365.0,False,,COPD,30.25,69.75,49.0,113.0,False,,66.6,9.6,,,26.1,6.3,,,,,,,Current: 34 (20.99%)~Former: 128 (79.01%),52.0,27.0,,Never-smokers excluded by inclusion criteria (≥10 pack-year smoking history required),36.4,12.3,,"6MWD_mean: 292~6MWD_sd: 121~mMRC_distribution: Grade 4: 19.14%, Grade 3: 27.78%, Grade 2: 37.65%, Grade 0-1: 15.43%~FEV1_L_mean: 0.96~FEV1_L_sd: 0.37~FEV1_FVC_ratio_mean: 43.7~FEV1_FVC_ratio_sd: 11.3~PaO2_mean: 62.6 mmHg~PaO2_sd: 10.1~PaCO2_mean: 42.9 mmHg~PaCO2_sd: 6.5~exacerbations_prior_year_mean: 1.3~exacerbations_prior_year_sd: 0.8~other: Patients with ≥2 hospitalised exacerbations in past 12 months: 19 (11.73%)~GOLD_stage: A: 1.23%, B: 0.62%, C: 13.58%, D: 82.10%~BODE_mean: 5.2~BODE_sd: 2.1~other: BODE index 7-10: 39 (24.07%)~LTOT_pct: 72.84%~other: Home mechanical ventilation: 48 (29.63%)~SGRQ_total_mean: 57.4~SGRQ_total_sd: 18.3~HADS_total_mean: 21.2~HADS_total_sd: 3.1~other: HADS moderate-severe anxiety: 47 (29.01%)~other: HADS moderate-severe depression: 123 (75.93%)~Charlson_mean: 4.2~Charlson_sd: 1.8~other: Number of concomitant diseases: 3.5±2.0~other: Total number of medications: 8.2±4.0",2,usual care delivered at hospital outpatient clinics with quarterly visits,high,,0,,,,0,,0,,True,Unclear whether participants used their own telephone/web access or if equipment was provided; no explicit description,0,,0,,False,,,,True,,Living with partner: 114 (70.37%),,,Urban: 107 (66.05%),,,"{'prompt_version': 'v11', 'model': 'ds-flash', 'extracted_at': '2026-05-07T23:56:43.455489', 'study_info': {'n_arms': 2, 'arm_labels': ['disease management', 'usual management']}}",Secondary
2793,treat1,"proactive integrated care (PIC) with Health Buddy System, home monitoring, education, self-management, enhanced communication",False,,20,90.0,0.0,90.0,False,,COPD,55.0,45.0,11.0,9.0,False,,66.6,9.1,,,,,,,,,,,Current: 15%,55.0,34.9,,,33.6,9.1,,SGRQ_total_mean: 54.7~SGRQ_total_sd: 14.9~SGRQ_symptoms_mean: 56.4~SGRQ_symptoms_sd: 17.3~SGRQ_activity_mean: 77.8~SGRQ_activity_sd: 15.2~SGRQ_impact_mean: 38.5~SGRQ_impact_sd: 14.8~LTOT_pct: 95.00%~SpO2_mean: 92.5~SpO2_sd: 2.6~ED_visits_prior_year_mean: 0.7~ED_visits_prior_year_sd: 0.23~hospitalizations_prior_year_mean: 0.55~hospitalizations_prior_year_sd: 0.21~other: hospital LOS prior year: 3.2 (SD 7.0) days~other: current pulmonary rehabilitation: 30.00%~other: prior pulmonary rehabilitation: 35.00%,2,home-based monitoring with hospital-based study coordinator who communicates with primary care physicians; recruitment from hospital COPD clinic,moderate,"Delivery location (home) suggests community setting, but clinical responsibility is held by hospital-based coordinator and physicians; Step 2 provider type (hospital-employed respiratory therapist as coordinator) confirmed secondary care",0,,,,1,telephone landline required; non-English speaking excluded; illiteracy excluded,0,,False,,1,"coordinator taught use of oximeter, minispirometer, and Health Buddy System at enrolment",1,study coordinator available Monday-Friday; 30 equipment-related calls made during study,False,,,,True,,Solo: 15%,,,,,White: 85.00%~Black: 10.00%~Native American: 5.00%,"{'prompt_version': 'v11', 'model': 'ds-flash', 'extracted_at': '2026-05-07T23:55:44.075798', 'study_info': {'n_arms': 2, 'arm_labels': ['proactive integrated care', 'usual care']}}",Secondary
2793,control,usual care (UC),False,,20,90.0,0.0,90.0,False,,COPD,50.0,50.0,10.0,10.0,False,,65.0,8.2,,,,,,,,,,,Current: 20%,50.4,23.6,,,31.1,10.2,,SGRQ_total_mean: 51.5~SGRQ_total_sd: 14.3~SGRQ_symptoms_mean: 51.0~SGRQ_symptoms_sd: 20.8~SGRQ_activity_mean: 76.4~SGRQ_activity_sd: 17.6~SGRQ_impact_mean: 35.7~SGRQ_impact_sd: 15.2~LTOT_pct: 95.00%~SpO2_mean: 93.2~SpO2_sd: 2.5~ED_visits_prior_year_mean: 0.9~ED_visits_prior_year_sd: 0.23~hospitalizations_prior_year_mean: 0.6~hospitalizations_prior_year_sd: 0.21~other: hospital LOS prior year: 2.8 (SD 5.6) days~other: current pulmonary rehabilitation: 20.00%~other: prior pulmonary rehabilitation: 40.00%,2,usual care delivered at the recruitment site (hospital COPD/pulmonary clinic),high,,0,,,,1,telephone landline required; non-English speaking excluded; illiteracy excluded,0,,False,,0,,0,,False,,,,True,,Solo: 30%,,,,,White: 95.00%~Black: 5.00%,"{'prompt_version': 'v11', 'model': 'ds-flash', 'extracted_at': '2026-05-07T23:55:44.075798', 'study_info': {'n_arms': 2, 'arm_labels': ['proactive integrated care', 'usual care']}}",Secondary
2815,treat1,telemonitoring,False,,101,180.0,540.0,720.0,False,,COPD,65.35,34.65,66.0,35.0,False,,69.0,8.3,,,23.0,5.0,,,,,,,Current: 31.68%~Never: 0.99%~Ex-smoker: 67.33%,,,,,38.7,14.1,,"GOLD_stage: Moderate: 18.81%, Severe: 54.46%, Very severe: 26.73%~other: MRC dyspnea score median 4 (range 2-5)~HADS_anxiety_mean: 12.1~HADS_anxiety_sd: 4.4~HADS_depression_mean: 10.1~HADS_depression_sd: 3.6~SGRQ_total_mean: 52.0~SGRQ_total_sd: 18.6~LTOT_pct: 47.1%~other: LTOT n=33",2,home-based telemonitoring with remote specialist support from hospital respiratory team,moderate,"Step 1 split: clinical responsibility lies with hospital specialists (suggests 2), but delivery is home-based (suggests 3). Step 2 provider type (hospital-employed respiratory nurses deliver monitoring) confirmed 2.",0,,,,0,,1,"home telemonitoring equipment (Tunstall) including pulse oximeter, heart rate monitor, lung function device, and weight scale",False,,1,instruction in use of TM equipment by respiratory nurse at home visit within 2 days after discharge,1,patients could contact staff for additional information; study nurse contacted patients in case of irregularities or lack of measurements,False,,,,True,,Lived alone: 47.52%~Lived with others: 52.48%,Widow/widower: 17.82%~Single: 13.86%~Divorced: 15.84%~Married/Partner: 52.48%,,,,,"{'prompt_version': 'v11', 'model': 'ds-flash', 'extracted_at': '2026-05-08T00:05:06.074543', 'study_info': {'n_arms': 2, 'arm_labels': ['telemonitoring', 'control']}}",Secondary
2815,control,standard COPD treatment,False,,97,180.0,540.0,720.0,False,,COPD,56.7,43.3,55.0,42.0,False,,70.0,7.8,,,23.8,6.3,,,,,,,Current: 31.96%~Never: 1.03%~Ex-smoker: 67.01%,,,,,40.2,15.1,,"GOLD_stage: Moderate: 24.74%, Severe: 48.45%, Very severe: 26.80%~other: MRC dyspnea score median 4 (range 1-5)~HADS_anxiety_mean: 12.0~HADS_anxiety_sd: 4.3~HADS_depression_mean: 9.7~HADS_depression_sd: 3.4~SGRQ_total_mean: 52.4~SGRQ_total_sd: 21.2~LTOT_pct: 59.4%~other: LTOT n=38",2,usual care with follow-up at pulmonary outpatient clinic,high,,0,,,,0,,0,,False,,0,,0,,False,,,,True,,Lived alone: 28.87%~Lived with others: 71.13%,Widow/widower: 15.46%~Single: 7.22%~Divorced: 6.19%~Married/Partner: 70.10%,,,,,"{'prompt_version': 'v11', 'model': 'ds-flash', 'extracted_at': '2026-05-08T00:05:06.074543', 'study_info': {'n_arms': 2, 'arm_labels': ['telemonitoring', 'control']}}",Secondary
2821,treat1,"telehomecare solution (Telekit: tablet, blood pressure monitor, pulse oximeter, scale)",False,,60,60.0,0.0,60.0,False,,COPD,45.0,55.0,27.0,33.0,False,,70.1,8.37,,,,,,129.7,16.57,75.6,8.07,,,,,,,47.5,15.47,,FVC_pct_mean: 67.4~FVC_pct_sd: 18.37~HR_mean: 73.8~HR_sd: 13.32~other: participation in rehabilitation or exercise programs: 33.3%,3,home-based telehomecare with community nurse monitoring and support,high,,2,TOFHLA (Danish),71.3,SD 17.37,0,,1,"tablet (Samsung Galaxy Tab2), digital blood pressure monitor, fingertip pulse oximeter, scale, and software provided",False,,1,initial instruction session (45 min at home or 75 min at health center) including demonstration and guided practice,1,community nurse contact information provided; follow-up visit at 3-4 weeks to ensure appropriate use,False,,,,True,,Living alone: 40.00%~Married or living with a partner: 60.00%,,,,Elementary school: 35.00%~High school: 6.67%~Higher education: 13.33%~Skilled: 45.00%,,"{'prompt_version': 'v11', 'model': 'ds-flash', 'extracted_at': '2026-05-07T23:56:58.465470', 'study_info': {'n_arms': 2, 'arm_labels': ['intervention', 'control']}}",Community
2821,control,usual care (no telehomecare),False,,56,60.0,0.0,60.0,False,,COPD,58.93,41.07,33.0,23.0,False,,69.6,9.16,,,,,,135.4,18.69,81.1,11.97,,,,,,,49.9,18.04,,FVC_pct_mean: 74.4~FVC_pct_sd: 18.59~HR_mean: 78.4~HR_sd: 13.14~other: participation in rehabilitation or exercise programs: 44.6%,1,"usual care; setting not specified, assumed primary care based on recruitment context",low,No explicit setting described; Step 3 best guess based on recruitment from TeleCare North (likely primary care). Alternative: 2 if hospital-based.,2,TOFHLA (Danish),71.4,SD 20.79,0,,0,,False,,0,,0,,False,,,,True,,Living alone: 58.93%~Married or living with a partner: 41.07%,,,,Elementary school: 25.00%~High school: 1.79%~Higher education: 17.86%~Skilled: 55.36%,,"{'prompt_version': 'v11', 'model': 'ds-flash', 'extracted_at': '2026-05-07T23:56:58.465470', 'study_info': {'n_arms': 2, 'arm_labels': ['intervention', 'control']}}",Primary
3048,control,standard care including CDMT support,False,,20,182.0,182.0,364.0,False,,COPD,50.0,50.0,10.0,10.0,False,,,,,"Median 73, IQR 63-79",,,"Median 29.0, IQR 25-32",,,,,,Current: 5%,,,,,40.0,15.0,,SpO2_median: 94~SpO2_iqr: 92-96~other: Known co-morbidity: 88%~ISWT_median: 130~ISWT_iqr: 55-255~other: Shuttle walk distance post-PR: median 190 (IQR 140-360)~mMRC_median: 3~mMRC_iqr: 3-4,1,standard care including support from community-based Chronic Disease Management Team (CDMT),moderate,"Step 1 split: clinical responsibility lies with community-based CDMT (suggests 1), but delivery is home-based (suggests 3). Step 2 provider type (CDMT is a clinical team, not peer/community worker) confirmed 1.",0,,,,0,,0,,False,,0,,0,,True,Regular Internet users: 20%,,,True,,Living alone: 30%,,Managerial/professional: 25%,,,,"{'prompt_version': 'v11', 'model': 'ds-flash', 'extracted_at': '2026-05-07T23:57:29.738443', 'study_info': {'n_arms': 2, 'arm_labels': ['standard care', 'telemonitoring']}}",Primary
3048,treat1,home telemonitoring with Docobo Health Hub,False,,20,182.0,182.0,364.0,False,,COPD,50.0,50.0,10.0,10.0,False,,,,,"Median 70, IQR 61-73",,,"Median 26.0, IQR 24-28",,,,,,Current: 5%,,,,,38.0,16.0,,SpO2_median: 93~SpO2_iqr: 92-96~other: Known co-morbidity: 92%~ISWT_median: 100~ISWT_iqr: 70-220~other: Shuttle walk distance post-PR: median 260 (IQR 130-330)~mMRC_median: 4~mMRC_iqr: 3-4,1,home-based telemonitoring with clinical support from community-based Chronic Disease Management Team (CDMT) that liaises with GPs and hospital consultants,moderate,"Step 1 split: clinical responsibility lies with community-based CDMT (suggests 1), but delivery is home-based (suggests 3). Step 2 provider type (CDMT is a clinical team, not peer/community worker) confirmed 1.",0,,,,0,,0,,False,,1,"training session in home on monitor use, less than one hour",1,installation team dealt with technical problems; visited two patients when signal lost,True,Regular Internet users: 15%,,,True,,Living alone: 20%,,Managerial/professional: 25%,,,,"{'prompt_version': 'v11', 'model': 'ds-flash', 'extracted_at': '2026-05-07T23:57:29.738443', 'study_info': {'n_arms': 2, 'arm_labels': ['standard care', 'telemonitoring']}}",Primary
3089,treat1,PR maintenance at home via WeChat,False,,50,365.0,0.0,365.0,False,,COPD,18.0,82.0,9.0,41.0,False,,65.9,8.9,,,24.5,2.13,,,,,,,,35.7,12.9,,,48.7,11.2,,FEV1_L_mean: 1.11~FEV1_L_sd: 0.30~FEV1_FVC_ratio_mean: 50.0~FEV1_FVC_ratio_sd: 11.2~DLCO_pct_mean: 62.6~comorbid_hypertension_pct: 14.00%~comorbid_diabetes_pct: 14.00%~comorbid_IHD_pct: 16.00%~LTOT_pct: 28.00%~NIV_pct: 20.00%~6MWD_mean: 383.1~6MWD_sd: 36.9~mMRC_mean: 2.7~mMRC_sd: 0.95~CAT_mean: 20.8~CAT_sd: 7.5~exacerbations_prior_year_mean: 3.4~exacerbations_prior_year_sd: 1.5~other: BDI_mean: 11.6~other: BDI_sd: 4.4~other: SAI_mean: 39.9~other: SAI_sd: 11.8~other: TAI_mean: 46.1~other: TAI_sd: 12.1~other: IADL_mean: 17.4~other: IADL_sd: 3.8,2,home-based WeChat PR maintenance with remote specialist support from hospital PR team,moderate,"Step 1 split: clinical responsibility by hospital specialist (suggests 2), delivery at home via WeChat (suggests 3). Step 2 provider type (hospital-employed physiotherapists and specialists) and recruitment from hospital outpatient confirmed 2.",0,,,,1,able to use WeChat proficiently (inclusion criterion),0,,False,,0,,0,"general Q&A channel via WeChat from 8am-8pm, not explicitly designated as technical support",False,,,,True,,,Single: 4 (8.00%)~Not single: 46 (92.00%),,,Mean years: 8.6 (SD 3.2),,"{'prompt_version': 'v11', 'model': 'ds-flash', 'extracted_at': '2026-05-08T00:04:04.463994', 'study_info': {'n_arms': 3, 'arm_labels': ['PR maintenance at home via WeChat', 'PR maintenance at hospital', 'Usual care']}}",Secondary
3089,treat2,PR maintenance at hospital,False,,50,365.0,0.0,365.0,False,,COPD,24.0,76.0,12.0,38.0,False,,65.6,8.8,,,24.0,1.9,,,,,,,,33.8,16.6,,,50.4,11.4,,FEV1_L_mean: 1.14~FEV1_L_sd: 0.31~FEV1_FVC_ratio_mean: 50.3~FEV1_FVC_ratio_sd: 11.4~DLCO_pct_mean: 67.1~comorbid_hypertension_pct: 10.00%~comorbid_diabetes_pct: 12.00%~comorbid_IHD_pct: 20.00%~LTOT_pct: 20.00%~NIV_pct: 18.00%~6MWD_mean: 380.3~6MWD_sd: 38.7~mMRC_mean: 2.8~mMRC_sd: 0.84~CAT_mean: 20.9~CAT_sd: 6.9~exacerbations_prior_year_mean: 3.2~exacerbations_prior_year_sd: 1.3~other: BDI_mean: 11.3~other: BDI_sd: 5.9~other: SAI_mean: 43.1~other: SAI_sd: 10.9~other: TAI_mean: 46.0~other: TAI_sd: 11.0~other: IADL_mean: 16.5~other: IADL_sd: 3.6,2,hospital outpatient PR maintenance,high,,0,,,,1,able to use WeChat proficiently (inclusion criterion),0,,False,,0,,0,,False,,,,True,,,Single: 7 (14.00%)~Not single: 43 (86.00%),,,Mean years: 8.5 (SD 2.9),,"{'prompt_version': 'v11', 'model': 'ds-flash', 'extracted_at': '2026-05-08T00:04:04.463994', 'study_info': {'n_arms': 3, 'arm_labels': ['PR maintenance at home via WeChat', 'PR maintenance at hospital', 'Usual care']}}",Secondary
3089,control,Usual care,False,,50,365.0,0.0,365.0,False,,COPD,26.0,74.0,13.0,37.0,False,,64.8,9.3,,,24.2,2.0,,,,,,,,39.0,13.4,,,47.4,11.5,,FEV1_L_mean: 1.14~FEV1_L_sd: 0.37~FEV1_FVC_ratio_mean: 48.4~FEV1_FVC_ratio_sd: 10.3~DLCO_pct_mean: 63.4~comorbid_hypertension_pct: 14.00%~comorbid_diabetes_pct: 22.00%~comorbid_IHD_pct: 14.00%~LTOT_pct: 24.00%~NIV_pct: 14.00%~6MWD_mean: 376.1~6MWD_sd: 36.1~mMRC_mean: 2.5~mMRC_sd: 0.79~CAT_mean: 21.4~CAT_sd: 7.8~exacerbations_prior_year_mean: 3.4~exacerbations_prior_year_sd: 1.6~other: BDI_mean: 12.4~other: BDI_sd: 4.1~other: SAI_mean: 40.4~other: SAI_sd: 8.8~other: TAI_mean: 45.3~other: TAI_sd: 9.0~other: IADL_mean: 17.4~other: IADL_sd: 3.5,2,usual care with health consultations at outpatient department (recruitment site),moderate,Only recruitment site (hospital outpatient) available; usual care setting not explicitly described; coded 2 based on recruitment site.,0,,,,1,able to use WeChat proficiently (inclusion criterion),0,,False,,0,,0,,False,,,,True,,,Single: 2 (4.00%)~Not single: 48 (96.00%),,,Mean years: 9.2 (SD 2.7),,"{'prompt_version': 'v11', 'model': 'ds-flash', 'extracted_at': '2026-05-08T00:04:04.463994', 'study_info': {'n_arms': 3, 'arm_labels': ['PR maintenance at home via WeChat', 'PR maintenance at hospital', 'Usual care']}}",Secondary
3116,treat1,telehealthcare,False,,578,365.0,0.0,365.0,False,,COPD,51.73,48.27,299.0,279.0,False,,69.6,9.4,,,,,,,,,,,Non-smokers: 343 (59.34%)~Smokers: 196 (33.91%)~Missing: 39 (6.75%),,,,,47.7,18.1,,FVC_pct_mean: 70.4~FVC_pct_sd: 20.0~disease_duration_years_mean: 7.8~disease_duration_years_sd: 6.2~comorbid_diabetes_pct: 10.21%~comorbid_IHD_pct: 32.70%~comorbid_mental_health_pct: 4.84%~comorbid_musculoskeletal_pct: 24.91%~comorbid_cancer_pct: 6.06%~SF36_PCS_mean: 37.5~SF36_PCS_sd: 9.2~SF36_MCS_mean: 48.5~SF36_MCS_sd: 11.6,3,home-based telehealth monitoring with municipality healthcare personnel oversight,high,,0,,,,1,telephone connection required; exclusion if no phone line or GSM coverage,1,"Samsung Galaxy Tab2, digital blood pressure monitor, fingertip pulse oximeter, health precision scale provided",False,,0,,0,,False,,,,True,,,Married/in a relationship: 323 (55.88%)~Single: 118 (20.42%)~Widow/widower: 97 (16.78%)~Missing: 40 (6.92%),,,,,"{'prompt_version': 'v11', 'model': 'ds-flash', 'extracted_at': '2026-05-07T23:57:24.827673', 'study_info': {'n_arms': 2, 'arm_labels': ['telehealthcare', 'usual practice']}}",Community
3116,control,usual practice,False,,647,365.0,0.0,365.0,False,,COPD,56.26,43.74,364.0,283.0,False,,70.3,9.1,,,,,,,,,,,Non-smokers: 408 (63.06%)~Smokers: 189 (29.21%)~Missing: 50 (7.73%),,,,,48.4,18.9,,FVC_pct_mean: 73.3~FVC_pct_sd: 22.3~disease_duration_years_mean: 7.7~disease_duration_years_sd: 5.8~comorbid_diabetes_pct: 9.89%~comorbid_IHD_pct: 31.84%~comorbid_mental_health_pct: 4.79%~comorbid_musculoskeletal_pct: 29.37%~comorbid_cancer_pct: 4.79%~SF36_PCS_mean: 37.7~SF36_PCS_sd: 8.9~SF36_MCS_mean: 48.9~SF36_MCS_sd: 11.2,1,usual care provided by GP and municipality; recruited from GP practices,moderate,Only recruitment site (GP practice) available; delivery location not described. Coded 1 based on recruitment site.,0,,,,1,telephone connection required; exclusion if no phone line or GSM coverage,0,,False,,0,,0,,False,,,,True,,,Married/in a relationship: 351 (54.25%)~Single: 143 (22.10%)~Widow/widower: 107 (16.54%)~Missing: 46 (7.11%),,,,,"{'prompt_version': 'v11', 'model': 'ds-flash', 'extracted_at': '2026-05-07T23:57:24.827673', 'study_info': {'n_arms': 2, 'arm_labels': ['telehealthcare', 'usual practice']}}",Primary
3162,treat1,cell phone-based endurance walking exercise program,False,,24,365.0,0.0,365.0,False,,COPD,0.0,100.0,0.0,24.0,False,,71.4,,1.7,,22.9,,,,,,,,,,,,,45.2,,,SF12_PCS_mean: 38.7 (SEM 1.8)~ISWT_mean: 255.8 (SEM 20.6)~FVC_L_mean: 1.87 (SEM 0.07)~FEV1_L_mean: 0.97 (SEM 0.06)~FEV1_FVC_ratio_mean: 0.518 (SEM 0.028)~other: IC pre-ISWT 1.59 (SEM 0.06)~other: IC post-ISWT 1.30 (SEM 0.06)~other: IC change 0.29 (SEM 0.02)~GOLD_stage: III~other: prior exacerbations: one to two hospitalisations per year,2,"home-based walking exercise program with cell phone; clinical follow-up at hospital outpatient clinic every 4 weeks during first 3 months, then every 3 months; telephone reinforcement provided by hospital staff",moderate,"Step 1 split: clinical responsibility lies with hospital specialist (suggests 2), but delivery is home-based (suggests 3). Step 2 provider type (hospital staff providing telephone reinforcement) and recruitment from hospital clinic confirmed 2.",0,,,,0,,1,cell phone (Sony Ericsson K600i) with J2ME software and GPRS data service provided,False,,0,,0,,False,,,,False,,,,,,,,"{'prompt_version': 'v11', 'model': 'ds-flash', 'extracted_at': '2026-05-07T23:58:20.912769', 'study_info': {'n_arms': 2, 'arm_labels': ['cell phone group', 'control group']}}",Secondary
3162,control,usual care with telephone reinforcement,False,,24,365.0,0.0,365.0,False,,COPD,0.0,100.0,0.0,24.0,False,,72.8,,1.3,,23.5,,,,,,,,,,,,,46.0,,,SF12_PCS_mean: 40.1 (SEM 1.3)~ISWT_mean: 262.9 (SEM 16.5)~FVC_L_mean: 2.00 (SEM 0.13)~FEV1_L_mean: 0.99 (SEM 0.06)~FEV1_FVC_ratio_mean: 0.508 (SEM 0.024)~other: IC pre-ISWT 1.69 (SEM 0.12)~other: IC post-ISWT 1.37 (SEM 0.11)~other: IC change 0.32 (SEM 0.03)~GOLD_stage: III~other: prior exacerbations: one to two hospitalisations per year,2,"home-based walking exercise program with telephone reinforcement; clinical follow-up at hospital outpatient clinic every 4 weeks during first 3 months, then every 3 months; telephone reinforcement provided by hospital staff",moderate,"Step 1 split: clinical responsibility lies with hospital specialist (suggests 2), but delivery is home-based (suggests 3). Step 2 provider type (hospital staff providing telephone reinforcement) and recruitment from hospital clinic confirmed 2.",0,,,,0,,0,,False,,0,,0,,False,,,,False,,,,,,,,"{'prompt_version': 'v11', 'model': 'ds-flash', 'extracted_at': '2026-05-07T23:58:20.912769', 'study_info': {'n_arms': 2, 'arm_labels': ['cell phone group', 'control group']}}",Secondary
3182,control,usual care group (information leaflet + interview),False,,37,270.0,0.0,270.0,True,Intervention duration not explicitly stated; assumed to last until last primary outcome assessment at V3 (9 months).,COPD,45.95,54.05,17.0,20.0,False,,66.0,8.0,,,26.0,5.0,,,,,,,,,,,,49.0,17.0,,TLCO_pct_mean: 50~TLCO_pct_sd: 18~VO2peak_mean: 15.9~VO2peak_sd: 4.2~VO2peak_pct_pred_mean: 77~VO2peak_pct_pred_sd: 23~6MWD_mean: 499~6MWD_sd: 72~6MWD_pct_pred_mean: 81~6MWD_pct_pred_sd: 12~CRDQ_dyspnea_mean: 22~CRDQ_dyspnea_sd: 6~CRDQ_total_mean: 93~CRDQ_total_sd: 15~steps_per_day_mean: 5530~steps_per_day_sd: 2910~MVPA_min_per_day_mean: 87~MVPA_min_per_day_sd: 40~other: CWRT endurance time (s): 321±143~other: Max isometric QF (Nm): 137±41~other: Max isometric QF (Nm/kg): 1.83±0.47~other: Movement intensity (m/s2): 1.68±0.26,2,usual care within hospital outpatient pulmonary rehabilitation program,moderate,"Step 1: clinical responsibility lies with hospital PR team (suggests 2), but delivery is mixed: PR at hospital, telecoaching at home (suggests 3). Step 2: provider type (hospital-employed physiotherapists deliver PR and oversee telecoaching) confirms 2.",0,,,,1,having cognitive ability to work with electronic devices,0,,True,Paper does not specify whether smartphone was provided; step counter provided but app requires smartphone.,0,,0,,False,,,,False,,,,,,,,"{'prompt_version': 'v11', 'model': 'ds-flash', 'extracted_at': '2026-05-07T23:58:48.504539', 'study_info': {'n_arms': 2, 'arm_labels': ['usual care group', 'intervention group']}}",Secondary
3182,treat1,PA-telecoaching program (step counter + smartphone app),False,,36,270.0,0.0,270.0,True,Intervention duration not explicitly stated; assumed to last until last primary outcome assessment at V3 (9 months).,COPD,38.89,61.11,14.0,22.0,False,,62.0,7.0,,,24.0,6.0,,,,,,,,,,,,50.0,21.0,,TLCO_pct_mean: 50~TLCO_pct_sd: 14~VO2peak_mean: 18.4~VO2peak_sd: 4.0~VO2peak_pct_pred_mean: 78~VO2peak_pct_pred_sd: 42~6MWD_mean: 512~6MWD_sd: 79~6MWD_pct_pred_mean: 79~6MWD_pct_pred_sd: 11~CRDQ_dyspnea_mean: 20~CRDQ_dyspnea_sd: 5~CRDQ_total_mean: 89~CRDQ_total_sd: 12~steps_per_day_mean: 4910~steps_per_day_sd: 2352~MVPA_min_per_day_mean: 80~MVPA_min_per_day_sd: 31~other: CWRT endurance time (s): 374±212~other: Max isometric QF (Nm): 133±52~other: Max isometric QF (Nm/kg): 1.94±0.55~other: Movement intensity (m/s2): 1.78±0.21,2,PA-telecoaching program as add-on to hospital outpatient pulmonary rehabilitation,moderate,"Step 1: clinical responsibility lies with hospital PR team (suggests 2), but delivery is mixed: PR at hospital, telecoaching at home (suggests 3). Step 2: provider type (hospital-employed physiotherapists deliver PR and oversee telecoaching) confirms 2.",0,,,,1,having cognitive ability to work with electronic devices,0,,True,Paper does not specify whether smartphone was provided; step counter provided but app requires smartphone.,0,,0,,False,,,,False,,,,,,,,"{'prompt_version': 'v11', 'model': 'ds-flash', 'extracted_at': '2026-05-07T23:58:48.504539', 'study_info': {'n_arms': 2, 'arm_labels': ['usual care group', 'intervention group']}}",Secondary
3535,control,traditional home hospitalization (face-to-face visits),False,,58,7.0,173.0,180.0,False,,COPD,39.66,60.34,23.0,35.0,False,,70.0,8.0,,,26.5,4.0,,,,,,,Current: 18 (31.03%)~non-smoking (inferred): 40,53.0,24.0,,,52.0,17.0,,other: FEV1_ml_mean: 1225~other: FEV1_ml_sd: 508~other: exacerbation phenotype: 24 (41.38%)~LTOT_pct: 32.76%~mMRC_median: 2~mMRC_iqr: 1-2~BODEx_median: 3~BODEx_iqr: 2-4~Charlson_median: 4.65~Charlson_iqr: 3.7-6.3~CAT_median: 15~CAT_iqr: 9-21,2,home hospitalization with face-to-face visits by hospital nursing and physician staff,moderate,Step 1 split: clinical responsibility lies with hospital specialist (suggests 2) but delivery is home-based (suggests 3). Step 2 provider type (hospital nurses/physicians delivering visits) confirms 2.,0,,,,0,,0,,False,,0,,0,,False,,,,False,,,,,,,,"{'prompt_version': 'v11', 'model': 'ds-flash', 'extracted_at': '2026-05-07T23:58:50.240332'}",Secondary
3535,treat1,home hospitalization with telemonitoring,False,,58,7.0,173.0,180.0,False,,COPD,22.41,77.59,13.0,45.0,False,,68.0,8.0,,,27.0,4.0,,,,,,,Current: 26 (44.83%)~non-smoking (inferred): 32,57.0,28.0,,,50.0,17.0,,other: FEV1_ml_mean: 1321~other: FEV1_ml_sd: 474~other: exacerbation phenotype: 17 (29.31%)~LTOT_pct: 37.93%~mMRC_median: 2~mMRC_iqr: 1-2~BODEx_median: 3~BODEx_iqr: 2-4~Charlson_median: 4~Charlson_iqr: 3-5~CAT_median: 10~CAT_iqr: 7-15,2,home hospitalization with telemonitoring and home visits by hospital staff; remote review by hospital physician,moderate,Step 1 split: clinical responsibility lies with hospital specialist (suggests 2) but delivery is home-based with telemonitoring (suggests 3). Step 2 provider type (hospital nurses/physicians delivering visits and remote monitoring) confirms 2.,0,,,,0,,1,"multiparametric telemonitoring unit with GSM, pulse oximeter, ECG, BP, etc., provided and installed at home",False,,1,Technician installed equipment and instructed patient and family on operation; contact telephone number for technical support,1,contact telephone number for technical support; physician calls patient for clinical evaluation,False,,,,False,,,,,,,,"{'prompt_version': 'v11', 'model': 'ds-flash', 'extracted_at': '2026-05-07T23:58:50.240332'}",Secondary
3630,treat1,"Taking Healthy Steps (Internet-mediated, pedometer-based walking program)",False,,154,365.0,0.0,365.0,False,,COPD,5.19,94.81,8.0,146.0,False,,67.0,8.6,,,,,,,,,,,Current: 26.62%,,,,,,,,"SGRQ_symptoms_mean: 57.2~SGRQ_symptoms_sd: 19.1~SGRQ_activity_mean: 62.3~SGRQ_activity_sd: 20.2~SGRQ_impact_mean: 32.2~SGRQ_impact_sd: 16.5~SGRQ_total_mean: 45.6~SGRQ_total_sd: 15.4~MMRC_distribution: 0-1: 70.13%, 2-4: 29.87%~oxygen_use_pct: 22.73%~baseline_daily_step_count_mean: 3488~baseline_daily_step_count_sd: 2316",3,"home-based, Internet-mediated walking program; no face-to-face encounters with staff; all features delivered via website",moderate,"Step 1: clinical responsibility not explicitly stated; delivery location is home-based (suggests 3). Step 2: no human provider delivers the intervention; all features are automated via website (confirms 3). Alternative: 1 if GP retained clinical responsibility, but not described.",0,,,,1,"having access to a computer with an Internet connection, a USB port, and Windows XP, Vista, Windows 7, or Windows 8",0,,False,,1,detailed written instructions on how to install the Java software and upload pedometer data; research staff available by telephone to assist with software installation and upload of step counts,1,research staff were available by telephone to assist with software installation and upload of step counts,False,,,,True,,,,,Urban: 53.90%~Rural: 46.10%,,Hispanic: 3.25%~Black: 4.55%~White: 92.21%~Other: 3.25%,"{'prompt_version': 'v11', 'model': 'ds-flash', 'extracted_at': '2026-05-07T23:58:23.731895', 'study_info': {'n_arms': 2, 'arm_labels': ['Taking Healthy Steps', 'wait-list control']}}",Community
3630,control,wait-list control (pedometer alone),False,,84,365.0,0.0,365.0,False,,COPD,8.33,91.67,7.0,77.0,False,,66.4,9.2,,,,,,,,,,,Current: 21.43%,,,,,,,,"SGRQ_symptoms_mean: 56~SGRQ_symptoms_sd: 19.9~SGRQ_activity_mean: 64.2~SGRQ_activity_sd: 18~SGRQ_impact_mean: 34.1~SGRQ_impact_sd: 17.9~SGRQ_total_mean: 46.8~SGRQ_total_sd: 15.6~MMRC_distribution: 0-1: 67.86%, 2-4: 32.14%~oxygen_use_pct: 25.00%~baseline_daily_step_count_mean: 3521~baseline_daily_step_count_sd: 2058",3,"home-based, pedometer-only; no face-to-face encounters with staff; all features delivered via website",moderate,"Step 1: clinical responsibility not explicitly stated; delivery location is home-based (suggests 3). Step 2: no human provider delivers the intervention; all features are automated via website (confirms 3). Alternative: 1 if GP retained clinical responsibility, but not described.",0,,,,1,"having access to a computer with an Internet connection, a USB port, and Windows XP, Vista, Windows 7, or Windows 8",0,,False,,1,detailed written instructions on how to install the Java software and upload pedometer data; research staff available by telephone to assist with software installation and upload of step counts,1,research staff were available by telephone to assist with software installation and upload of step counts,False,,,,True,,,,,Urban: 55.95%~Rural: 44.05%,,Hispanic: 1.19%~Black: 3.57%~White: 94.05%~Other: 2.38%,"{'prompt_version': 'v11', 'model': 'ds-flash', 'extracted_at': '2026-05-07T23:58:23.731895', 'study_info': {'n_arms': 2, 'arm_labels': ['Taking Healthy Steps', 'wait-list control']}}",Community
4104,treat1,Internet-based dyspnea self-management program (eDSMP),False,,43,365.0,0.0,365.0,False,,COPD,41.86,58.14,18.0,25.0,False,,68.5,11.0,,,28.0,5.5,,,,,,,Currently smoking: 2 (4.65%)~non-smoking (inferred): 41,,,,,53.3,20.4,,"FEV1_FVC_ratio_mean: 0.50~FEV1_FVC_ratio_sd: 0.12~GOLD_stage: Mild/moderate: 22 (51.16%), Severe/very severe: 21 (48.84%)~BODE_mean: 2.3~BODE_sd: 2.1~LTOT_pct: 11 (25.58%)~comorbid_CVD_pct: 13 (30.23%)~comorbid_musculoskeletal_pct: 9 (20.93%)~6MWD_mean: 1314 feet~CRQ_total_mean: 96.4~SF36_PCS_mean: 34.5~SF36_MCS_mean: 53.2",2,Participants recruited from two academic medical centers; baseline and follow-up testing at medical center; intervention delivered remotely via website and smartphone with home visit by advanced practice nurse; clinical responsibility held by study nurses (advanced practice nurses) affiliated with the medical centers.,moderate,"Step 1 split: clinical responsibility lies with study nurses affiliated with academic medical centers (suggests 2), but delivery is primarily home-based via website/smartphone (suggests 3). Step 2 provider type (advanced practice nurses employed by medical centers) and recruitment source (academic medical centers) confirmed 2.",2,Self-efficacy for managing dyspnea,4.93,"0-10 scale; 95% CI (4.06, 5.80)",1,use of the Internet,1,study-issued smartphone (Palm Treo 650/680/700),False,,1,training on how to navigate and use the website tools and study-issued smartphone; provided a detailed paper 'Help Manual',0,,True,Comfortable with use: 39 (90.70%)~Duration of use >1 year: 43 (100.00%)~Daily use: 33 (76.74%),,,True,,Live with spouse or other: 29 (67.44%),,"Not currently employed, disabled, retired: 34 (79.07%)",,High school or some college: 21 (48.84%)~College or more: 20 (46.51%)~missing (inferred): 2,Caucasian: 40 (93.02%)~missing (inferred): 3,"{'prompt_version': 'v11', 'model': 'ds-flash', 'extracted_at': '2026-05-07T23:59:08.157463', 'study_info': {'n_arms': 3, 'arm_labels': ['eDSMP', 'fDSMP', 'GHE']}}",Secondary
4104,treat2,face-to-face-based dyspnea self-management program (fDSMP),False,,41,365.0,0.0,365.0,False,,COPD,53.66,46.34,22.0,19.0,False,,68.2,9.9,,,27.3,7.1,,,,,,,Currently smoking: 2 (4.88%)~non-smoking (inferred): 39,,,,,50.6,18.2,,"FEV1_FVC_ratio_mean: 0.47~FEV1_FVC_ratio_sd: 0.11~GOLD_stage: Mild/moderate: 19 (46.34%), Severe/very severe: 22 (53.66%)~BODE_mean: 3.1~BODE_sd: 2.1~LTOT_pct: 10 (24.39%)~comorbid_CVD_pct: 9 (21.95%)~comorbid_musculoskeletal_pct: 10 (24.39%)~6MWD_mean: 1301 feet~CRQ_total_mean: 91.5~SF36_PCS_mean: 34.2~SF36_MCS_mean: 48.7",2,"Participants recruited from two academic medical centers; baseline and follow-up testing at medical center; intervention delivered via face-to-face home visit, group sessions at medical centers, and telephone calls; clinical responsibility held by study nurses (advanced practice nurses) affiliated with the medical centers.",moderate,"Step 1 split: clinical responsibility lies with study nurses affiliated with academic medical centers (suggests 2), but delivery is a mix of home-based and medical center-based (suggests 2 or 3). Step 2 provider type (advanced practice nurses employed by medical centers) and recruitment source (academic medical centers) confirmed 2.",2,Self-efficacy for managing dyspnea,4.81,"0-10 scale; 95% CI (3.92, 5.71)",1,use of the Internet,0,,False,,0,,0,,True,Comfortable with use: 36 (87.80%)~Duration of use >1 year: 37 (90.24%)~Daily use: 21 (51.22%),,,True,,Live with spouse or other: 26 (63.41%),,"Not currently employed, disabled, retired: 32 (78.05%)",,High school or some college: 19 (46.34%)~College or more: 18 (43.90%)~missing (inferred): 4,Caucasian: 37 (90.24%)~missing (inferred): 4,"{'prompt_version': 'v11', 'model': 'ds-flash', 'extracted_at': '2026-05-07T23:59:08.157463', 'study_info': {'n_arms': 3, 'arm_labels': ['eDSMP', 'fDSMP', 'GHE']}}",Secondary
4104,control,general health education (GHE),False,,41,365.0,0.0,365.0,False,,COPD,41.46,58.54,17.0,24.0,False,,69.3,8.0,,,26.5,5.4,,,,,,,Currently smoking: 3 (7.32%)~non-smoking (inferred): 38,,,,,49.4,19.8,,"FEV1_FVC_ratio_mean: 0.46~FEV1_FVC_ratio_sd: 0.14~GOLD_stage: Mild/moderate: 21 (51.22%), Severe/very severe: 20 (48.78%)~BODE_mean: 2.6~BODE_sd: 2.1~LTOT_pct: 12 (29.27%)~comorbid_CVD_pct: 15 (36.59%)~comorbid_musculoskeletal_pct: 10 (24.39%)~6MWD_mean: 1306 feet~CRQ_total_mean: 96.2~SF36_PCS_mean: 33.7~SF36_MCS_mean: 53.1",2,Participants recruited from two academic medical centers; baseline and follow-up testing at medical center; intervention delivered via face-to-face group sessions at medical centers and biweekly phone calls; clinical responsibility held by study staff affiliated with the medical centers.,moderate,"Step 1 split: clinical responsibility lies with study staff affiliated with academic medical centers (suggests 2), but delivery is a mix of medical center-based and home-based (suggests 2 or 3). Step 2 provider type (graduate research assistant employed by medical centers) and recruitment source (academic medical centers) confirmed 2.",2,Self-efficacy for managing dyspnea,5.74,"0-10 scale; 95% CI (4.84, 6.63)",1,use of the Internet,0,,False,,0,,0,,True,Comfortable with use: 37 (90.24%)~Duration of use >1 year: 39 (95.12%)~Daily use: 28 (68.29%),,,True,,Live with spouse or other: 29 (70.73%),,"Not currently employed, disabled, retired: 28 (68.29%)",,High school or some college: 23 (56.10%)~College or more: 17 (41.46%)~missing (inferred): 1,Caucasian: 36 (87.80%)~missing (inferred): 5,"{'prompt_version': 'v11', 'model': 'ds-flash', 'extracted_at': '2026-05-07T23:59:08.157463', 'study_info': {'n_arms': 3, 'arm_labels': ['eDSMP', 'fDSMP', 'GHE']}}",Secondary
4106,control,face-to-face dyspnea self-management program with paper diaries,False,,20,180.0,0.0,180.0,False,,COPD,45.0,55.0,9.0,11.0,False,,70.9,8.6,,,27.7,6.4,,,,,,,Current: 1 (5.00%)~non-smoking (inferred): 19,,,,,50.3,17.6,,"FEV1_FVC_ratio_mean: 0.46~FEV1_FVC_ratio_sd: 0.11~GOLD_stage: Mild/moderate: 10 (50.00%), Severe/very severe: 10 (50.00%)~BODE_mean: 2.8~BODE_sd: 2.2~LTOT_pct: 25.00%~comorbid_CVD_pct: 50.00%~comorbid_musculoskeletal_pct: 40.00%~other: Previous pulmonary rehabilitation: 8 (40.00%)~6MWD_mean: 406~6MWD_sd: 150~CRQ_dyspnea_mean: 15.9~CRQ_dyspnea_sd: 5.4~CRQ_fatigue_mean: 16.1~CRQ_fatigue_sd: 4.4~CRQ_mastery_mean: 20.4~CRQ_mastery_sd: 5.2~CRQ_emotional_mean: 33.4~CRQ_emotional_sd: 8.0~CRQ_total_mean: 85.8~CRQ_total_sd: 18.9~SF36_PCS_mean: 32.8~SF36_PCS_sd: 8.5~SF36_MCS_mean: 51.8~SF36_MCS_sd: 9.9~other: Endurance exercise min/week: 77 (SD 113)~other: Strengthening exercise min/week: 21 (SD 46)~other: Exercise stage of change action/maintenance: 6 (30.00%)",2,"academic medical center-based program with initial face-to-face consultation, paper diaries, and remote nurse support via telephone",high,,0,,,,1,use of the Internet and/or checking email at least once per week with a Windows operating system,0,,False,,0,,0,,True,,Internet hours per week: median 9.5 (range 1-25),"Self-rated computer skills: Beginner: 2 (10.00%), Intermediate: 14 (70.00%), Advanced: 4 (20.00%)~Computer use years: mean 5.6 (SD 2.7)~Participate in online support groups: 2 (10.00%)",True,,With spouse or other: 13 (65.00%),,Not employed/disabled/retired: 15 (75.00%),,High school or some college: 8 (40.00%)~College or more: 12 (60.00%),Caucasian: 100.00%,"{'prompt_version': 'v11', 'model': 'ds-flash', 'extracted_at': '2026-05-07T23:58:55.471210', 'study_info': {'n_arms': 2, 'arm_labels': ['fDSMP', 'eDSMP']}}",Secondary
4106,treat1,electronic dyspnea self-management program with PDA and Web,False,,19,180.0,0.0,180.0,False,,COPD,42.11,57.89,8.0,11.0,True,Printed female % 39% vs recomputed 42.11% (8/19); discrepancy >1pp,68.0,8.3,,,29.4,5.9,,,,,,,Current: 2 (10.53%)~non-smoking (inferred): 17,,,,,49.0,16.8,,"FEV1_FVC_ratio_mean: 0.49~FEV1_FVC_ratio_sd: 0.14~GOLD_stage: Mild/moderate: 9 (47.37%), Severe/very severe: 10 (52.63%)~BODE_mean: 2.5~BODE_sd: 1.5~LTOT_pct: 31.58%~comorbid_CVD_pct: 47.37%~comorbid_musculoskeletal_pct: 21.05%~other: Previous pulmonary rehabilitation: 9 (47.37%)~6MWD_mean: 436~6MWD_sd: 92~CRQ_dyspnea_mean: 18.8~CRQ_dyspnea_sd: 6.2~CRQ_fatigue_mean: 17.1~CRQ_fatigue_sd: 5.3~CRQ_mastery_mean: 21.7~CRQ_mastery_sd: 3.2~CRQ_emotional_mean: 35.9~CRQ_emotional_sd: 7.2~CRQ_total_mean: 93.5~CRQ_total_sd: 15.7~SF36_PCS_mean: 37.3~SF36_PCS_sd: 7.0~SF36_MCS_mean: 49.7~SF36_MCS_sd: 10.1~other: Endurance exercise min/week: 89 (SD 102)~other: Strengthening exercise min/week: 11 (SD 29)~other: Exercise stage of change action/maintenance: 5 (26.32%)",2,"academic medical center-based program with initial face-to-face consultation, PDA and Web-based self-monitoring, and remote nurse support via email",high,,0,,,,1,use of the Internet and/or checking email at least once per week with a Windows operating system,0,,False,,1,training on website use and PDA data entry,0,,True,,Internet hours per week: median 15.0 (range 1-90),"Self-rated computer skills: Beginner: 4 (21.05%), Intermediate: 9 (47.37%), Advanced: 6 (31.58%)~Computer use years: mean 5.7 (SD 2.8)~Participate in online support groups: 5 (26.32%)",True,,With spouse or other: 12 (63.16%),,Not employed/disabled/retired: 13 (68.42%),,High school or some college: 10 (52.63%)~College or more: 9 (47.37%),Caucasian: 94.74%,"{'prompt_version': 'v11', 'model': 'ds-flash', 'extracted_at': '2026-05-07T23:58:55.471210', 'study_info': {'n_arms': 2, 'arm_labels': ['fDSMP', 'eDSMP']}}",Secondary
4108,treat1,MOBILE-Coached,True,"Tiebreaker rule 2 applied: MOBILE-C has more of the studied component (coaching/feedback) than MOBILE-SM, so MOBILE-SM is control.",9,180.0,0.0,180.0,False,,COPD,66.67,33.33,6.0,3.0,False,,72.0,9.0,,,26.3,5.5,,,,,,,,,,,,46.7,18.7,,"FEV1_FVC_ratio_mean: 0.48~FEV1_FVC_ratio_sd: 0.10~GOLD_stage: Stage 2: 33.33%, Stages 3 and 4: 66.67%~BODE_mean: 3.0~BODE_sd: 2.4~comorbid_any_pct: 66.67%~LTOT_pct: 55.56%~SGRQ_total_mean: 38.3~SGRQ_total_sd: 4.7~SF12_PCS_mean: 32.8~SF12_PCS_sd: 2.3~SF12_MCS_mean: 50.6~SF12_MCS_sd: 3.8~6MWD_mean: 1240~6MWD_sd: 125~steps_per_day_mean: 6692~steps_per_day_sd: 1007",2,Participants were graduates of pulmonary rehabilitation programs; intervention was home-based with remote specialist (nurse) support from the research team at the University of Washington.,moderate,"Step 1 split: clinical responsibility not explicitly stated but likely hospital specialist (PR graduates, research team at university); delivery is home-based via cell phone (suggests 3). Step 2 provider type (nurse interventionist from research team) and recruitment source (PR programs) both suggest 2. Coded 2.",2,PAM,20.9,SD 4.7,1,unable or unwilling to use the study issued cell phone,1,study-issued cell phone (Treo 650/700) with monthly data service plan provided,False,,1,"trained on entering data via the cell phone, asked to provide a return demonstration, and given a step-by-step help booklet with screenshots",1,"phone number of research office for questions; technical difficulties tracked and resolved (e.g., instructions for reset, device exchange)",True,Computer user: 7 (77.78%),,,True,,,Married/partnered: 2 (22.22%),,,College educated or higher: 6 (66.67%)~missing (inferred): 3,Caucasian: 8 (88.89%)~African-American: 1 (11.11%),"{'prompt_version': 'v11', 'model': 'ds-flash', 'extracted_at': '2026-05-08T00:00:29.105578', 'study_info': {'n_arms': 2, 'arm_labels': ['MOBILE-Coached', 'MOBILE-Self-Monitored']}}",Secondary
4108,control,MOBILE-Self-Monitored,True,"Tiebreaker rule 2 applied: MOBILE-SM has less of the studied component (no coaching/feedback) than MOBILE-C, so it is the control.",8,180.0,0.0,180.0,False,,COPD,62.5,37.5,5.0,3.0,False,,64.0,12.0,,,25.0,7.8,,,,,,,,,,,,34.4,15.0,,"FEV1_FVC_ratio_mean: 0.39~FEV1_FVC_ratio_sd: 0.12~GOLD_stage: Stage 2: 25.00%, Stages 3 and 4: 75.00%~BODE_mean: 3.7~BODE_sd: 1.3~comorbid_any_pct: 62.50%~LTOT_pct: 62.50%~SGRQ_total_mean: 50.7~SGRQ_total_sd: 5.0~SF12_PCS_mean: 31.4~SF12_PCS_sd: 2.4~SF12_MCS_mean: 54.2~SF12_MCS_sd: 4.1~6MWD_mean: 1200~6MWD_sd: 133~steps_per_day_mean: 5229~steps_per_day_sd: 1068",2,Participants were graduates of pulmonary rehabilitation programs; intervention was home-based with remote support from the research team at the University of Washington.,moderate,"Step 1 split: clinical responsibility not explicitly stated but likely hospital specialist (PR graduates, research team at university); delivery is home-based via cell phone (suggests 3). Step 2 provider type (nurse interventionist from research team) and recruitment source (PR programs) both suggest 2. Coded 2.",2,PAM,20.5,SD 4.4,1,unable or unwilling to use the study issued cell phone,1,study-issued cell phone (Treo 650/700) with monthly data service plan provided,False,,1,"trained on entering data via the cell phone, asked to provide a return demonstration, and given a step-by-step help booklet with screenshots",1,"phone number of research office for questions; technical difficulties tracked and resolved (e.g., instructions for reset, device exchange)",True,Computer user: 8 (100.00%),,,True,,,Married/partnered: 3 (37.50%),,,College educated or higher: 7 (87.50%)~missing (inferred): 1,Caucasian: 6 (75.00%)~African-American: 2 (25.00%),"{'prompt_version': 'v11', 'model': 'ds-flash', 'extracted_at': '2026-05-08T00:00:29.105578', 'study_info': {'n_arms': 2, 'arm_labels': ['MOBILE-Coached', 'MOBILE-Self-Monitored']}}",Secondary
4123,treat1,telehealth PLB program (4 weekly sessions via Skype),False,,11,28.0,56.0,84.0,False,,COPD,0.0,100.0,0.0,11.0,False,,64.0,8.0,,,31.0,9.0,,,,,,,Current: 5~Past: 10,,,,"Smoking status counts sum to more than n (5+10=15 for intervention, 6+11=17 for control), suggesting categories are not mutually exclusive or there is an error in the table.",55.0,16.0,,"FEV1_FVC_ratio_mean: 53~FEV1_FVC_ratio_sd: 10~RV_pct_mean: 177~RV_pct_sd: 55~DLCO_pct_mean: 59~DLCO_pct_sd: 18~PaO2_mean: 72 mm Hg~PaO2_sd: 10 mm Hg~comorbid_Arthritis_n: 5~comorbid_Hypertension_n: 5~comorbid_Coronary_heart_disease_n: 3~comorbid_Diabetes_n: 3~comorbid_Depression_n: 5~comorbid_PTSD_n: 3~comorbid_Alcohol_drug_abuse_n: 5~other: Number of comorbidities: 1: 2, 2: 3, 3+: 6",2,home-based telehealth sessions with remote support from healthcare professional; recruited from outpatient pulmonary clinic,moderate,"Step 1 split: clinical responsibility lies with healthcare professional (suggests 2), delivery is home-based (suggests 3). Step 2 provider type (healthcare professional employed by VA hospital) confirmed 2.",0,,,,0,,1,"laptop computer, headphone, pulse oximeter, and internet service provided",False,,1,demonstration of basic computer functions at baseline and at home setup,1,"health educator available during weekly telehealth sessions to resolve technical issues (e.g., audio problems)",True,Used in past: 9~In home: 6,,,True,"<$10,000: 3~$10,000 - $19,999/yr: 3~$20,000 - $39,999/yr: 4~>$40,000/yr: 1",Lives alone: 7,,,,<12 years: 0~12 years: 2~>12 years: 9,White: 8~Black: 3~Asian: 0,"{'prompt_version': 'v11', 'model': 'ds-flash', 'extracted_at': '2026-05-08T00:05:04.945061', 'study_info': {'n_arms': 2, 'arm_labels': ['control', 'intervention']}}",Secondary
4123,control,one-time PLB education session,False,,11,0.0,84.0,84.0,False,,COPD,0.0,100.0,0.0,11.0,False,,65.0,5.0,,,32.0,7.0,,,,,,,Current: 6~Past: 11,,,,"Smoking status counts sum to more than n (5+10=15 for intervention, 6+11=17 for control), suggesting categories are not mutually exclusive or there is an error in the table.",56.0,12.0,,"FEV1_FVC_ratio_mean: 56~FEV1_FVC_ratio_sd: 8~RV_pct_mean: 195~RV_pct_sd: 27~DLCO_pct_mean: 66~DLCO_pct_sd: 15~PaO2_mean: 66 mm Hg~PaO2_sd: 6 mm Hg~comorbid_Arthritis_n: 5~comorbid_Hypertension_n: 7~comorbid_Coronary_heart_disease_n: 2~comorbid_Diabetes_n: 6~comorbid_Depression_n: 6~comorbid_PTSD_n: 3~comorbid_Alcohol_drug_abuse_n: 4~other: Number of comorbidities: 1: 0, 2: 1, 3+: 10",2,one-time education session at outpatient pulmonary clinic,high,,0,,,,0,,0,,False,,0,,0,,True,Used in past: 10~In home: 8,,,True,"<$10,000: 2~$10,000 - $19,999/yr: 4~$20,000 - $39,999/yr: 4~>$40,000/yr: 1",Lives alone: 5,,,,<12 years: 0~12 years: 2~>12 years: 9,White: 6~Black: 4~Asian: 1,"{'prompt_version': 'v11', 'model': 'ds-flash', 'extracted_at': '2026-05-08T00:05:04.945061', 'study_info': {'n_arms': 2, 'arm_labels': ['control', 'intervention']}}",Secondary
4194,treat1,COPD Web + pedometer,False,,43,365.0,0.0,365.0,False,,COPD,46.51,53.49,20.0,23.0,True,"Male printed 52% vs recomputed 53.49%, female printed 48% vs recomputed 46.51%; discrepancy >1pp",65.0,7.0,,,,,,,,,,,Never smoker: 4 (9.30%)~Ex-smoker: 29 (67.44%)~Current smoker: 8 (18.60%)~non-smoking (inferred): 2,28.0,15.0,,,60.0,17.0,,"FVC_pct_mean: 81~FVC_pct_sd: 21~FEV1_FVC_ratio_mean: 54~FEV1_FVC_ratio_sd: 10~GOLD_stage: A: 56%, B: 19%, C: 12%, D: 14%~CAT_mean: 12.2~CAT_sd: 5.7~mMRC_mean: 1.45~mMRC_sd: 0.96~EQ5D_mean: 0.90~EQ5D_sd: 0.09~ESES_mean: 24.9~ESES_sd: 1.1~other: SoS-PA mean: 9.1 (SD 3.5)~other: Grimby-PA median 3 (IQR 2;3)",1,primary care center; COPD Web introduced by health professionals as part of usual care,high,,2,C&CHL,85.1,percentage of participants with sufficient health literacy,0,,0,,False,,1,COPD Web introduced by health professionals according to pre-specified routine,0,,False,,,,True,,Alone: 20 (46.51%)~Family: 23 (53.49%),,Currently working: 10 (23.26%)~Retired: 33 (76.74%)~Sickness benefits: 0 (0%),,Primary: 26 (60.47%)~Secondary: 7 (16.28%)~Tertiary: 10 (23.26%),,"{'prompt_version': 'v11', 'model': 'ds-flash', 'extracted_at': '2026-05-08T00:00:57.862769', 'study_info': {'n_arms': 2, 'arm_labels': ['intervention', 'control']}}",Primary
4194,control,usual care + pedometer,False,,40,365.0,0.0,365.0,False,,COPD,40.0,60.0,16.0,24.0,False,,71.0,8.0,,,,,,,,,,,Never smoker: 2 (5.00%)~Ex-smoker: 30 (75.00%)~Current smoker: 8 (20.00%),32.0,15.0,,,59.0,17.0,,"FVC_pct_mean: 76~FVC_pct_sd: 18~FEV1_FVC_ratio_mean: 57~FEV1_FVC_ratio_sd: 10~GOLD_stage: A: 51%, B: 23%, C: 5%, D: 21%~CAT_mean: 14.0~CAT_sd: 6.0~mMRC_mean: 1.64~mMRC_sd: 0.90~EQ5D_mean: 0.89~EQ5D_sd: 0.07~ESES_mean: 22.7~ESES_sd: 1.3~other: SoS-PA mean: 9.2 (SD 4.2)~other: Grimby-PA median 3 (IQR 3;3)",1,primary care center; usual care,high,,2,C&CHL,76.9,percentage of participants with sufficient health literacy,0,,0,,False,,0,,0,,False,,,,True,,Alone: 23 (57.50%)~Family: 17 (42.50%),,Currently working: 5 (12.50%)~Retired: 34 (85.00%)~Sickness benefits: 1 (2.50%),,Primary: 22 (55.00%)~Secondary: 10 (25.00%)~Tertiary: 8 (20.00%),,"{'prompt_version': 'v11', 'model': 'ds-flash', 'extracted_at': '2026-05-08T00:00:57.862769', 'study_info': {'n_arms': 2, 'arm_labels': ['intervention', 'control']}}",Primary
4337,treat1,home telemonitoring with touch screen device,False,,60,178.0,105.0,283.0,False,,COPD,68.33,31.67,41.0,19.0,False,,67.8,6.4,,,,,,,,,,,,,,,,,,,FVC_pct_mean: 28.6~LTOT_pct: 61.67%~comorbid_other_pct: 25.00%,2,"home-based telemonitoring with remote specialist support from hospital-based nurse case managers; patients recruited from SRSAD, a specialized home care service administered by Maisonneuve-Rosemont Hospital",moderate,"Step 1 split: clinical responsibility lies with hospital-based SRSAD team (suggests 2), but delivery is home-based via telemonitoring device (suggests 3). Step 2 provider type (hospital-employed nurse case managers and respiratory therapists) confirmed 2.",0,,,,1,had an operational telephone line in the home; excluded if visual or motor deficit made them unable to use the remote telemonitoring technology unless an informal caregiver agreed to shoulder this responsibility,1,touch screen with integrated modem (TELUS) provided and installed in home,False,,1,patients were taught how to follow the protocol during their initial meeting with one of the two nurse case managers,0,,False,,,,False,,,,,,,,"{'prompt_version': 'v11', 'model': 'ds-flash', 'extracted_at': '2026-05-08T00:00:37.481300', 'study_info': {'n_arms': 2, 'arm_labels': ['control', 'intervention']}}",Secondary
4337,control,usual home care,False,,60,178.0,105.0,283.0,False,,COPD,68.33,31.67,41.0,19.0,False,,68.6,6.8,,,,,,,,,,,,,,,,,,,FVC_pct_mean: 28.5~LTOT_pct: 60.00%~comorbid_other_pct: 26.67%,2,"usual home care delivered by SRSAD, a specialized home care service administered by Maisonneuve-Rosemont Hospital; patients recruited from this hospital-based program",moderate,Step 1: clinical responsibility lies with hospital-based SRSAD team (suggests 2). Delivery location is home-based (suggests 3). Step 2 provider type (hospital-employed nurses and respiratory therapists) confirmed 2.,0,,,,1,had an operational telephone line in the home; excluded if visual or motor deficit made them unable to use the remote telemonitoring technology unless an informal caregiver agreed to shoulder this responsibility,0,,False,,0,,0,,False,,,,False,,,,,,,,"{'prompt_version': 'v11', 'model': 'ds-flash', 'extracted_at': '2026-05-08T00:00:37.481300', 'study_info': {'n_arms': 2, 'arm_labels': ['control', 'intervention']}}",Secondary
4345,treat1,smartphone app-based self-management program (SASMP),False,,22,180.0,0.0,180.0,False,,COPD,13.64,86.36,3.0,19.0,False,,70.45,9.4,,,,,,,,,,,,16.5,14.43,,,61.0,18.73,,"FEV1_FVC_ratio_mean: 62.77~FEV1_FVC_ratio_sd: 20.79~GOLD_stage: Stage 1, 2: 77.27%, Stage 3: 22.73%~disease_duration_years_mean: 7.77~disease_duration_years_sd: 6.63~comorbid_≥2_pct: 81.82%~hospitalizations_prior_year_pct: 9.09%~ED_visits_prior_year_pct: 9.09%~6MWD_mean: 378.32~6MWD_sd: 96.96~sedentary_min_per_day_mean: 0.79~sedentary_min_per_day_sd: 0.10~MVPA_min_per_day_mean: 0.03~MVPA_min_per_day_sd: 0.02~steps_per_day_mean: 5223.68~steps_per_day_sd: 2899.61~UCSD_SOBQ_mean: 21.18~UCSD_SOBQ_sd: 16.05~POMS_tension_anxiety_mean: 4.86~POMS_tension_anxiety_sd: 2.64~POMS_depression_mean: 3.55~POMS_depression_sd: 2.69~SF36_PCS_mean: 43.43~SF36_PCS_sd: 9.00~SF36_MCS_mean: 51.62~SF36_MCS_sd: 8.71~SEMCD_mean: 6.71~SEMCD_sd: 1.93~CRQ_mastery_mean: 4.40~CRQ_mastery_sd: 0.96~other: social support (MOS emotional-informational): 2.72 (SD 0.85)",2,outpatient clinics of pulmonary medicine departments at two tertiary hospitals; intervention delivered via smartphone app with remote specialist support,moderate,"Step 1: clinical responsibility lies with hospital specialists (suggests 2), delivery is home-based via app (suggests 3). Step 2: recruitment from outpatient clinics and provider type (research team with specialist oversight) confirmed 2.",2,SEMCD,6.71,SD 1.93,1,had a smartphone and could text messages,0,,False,,1,participants in the experimental group received instruction on how to use each feature of the smartphone app at the first education session,1,research team monitored data and contacted participants if they did not perform exercise for 4 consecutive days; automatic alert messages sent to research team for symptom scores; two participants sought staff assistance on logging in,True,smartphone: 100% (inclusion criterion),,,True,< $1000: 36.36%~≥$1000: 63.64%,Alone: 9.09%~Married or living with someone: 90.91%,,Working: 22.73%,,Middle high school & less: 40.91%~High school & higher: 59.09%,,"{'prompt_version': 'v11', 'model': 'ds-flash', 'extracted_at': '2026-05-08T00:01:04.416797', 'study_info': {'n_arms': 2, 'arm_labels': ['experimental', 'control']}}",Secondary
4345,control,group education and exercise sessions without smartphone app,False,,20,180.0,0.0,180.0,False,,COPD,30.0,70.0,6.0,14.0,False,,65.06,11.12,,,,,,,,,,,,18.9,18.61,,,69.45,24.02,,"FEV1_FVC_ratio_mean: 65.65~FEV1_FVC_ratio_sd: 17.88~GOLD_stage: Stage 1, 2: 80.00%, Stage 3: 20.00%~disease_duration_years_mean: 6.00~disease_duration_years_sd: 7.42~comorbid_≥2_pct: 60.00%~hospitalizations_prior_year_pct: 20.00%~ED_visits_prior_year_pct: 10.00%~6MWD_mean: 398.10~6MWD_sd: 78.67~sedentary_min_per_day_mean: 0.77~sedentary_min_per_day_sd: 0.08~MVPA_min_per_day_mean: 0.04~MVPA_min_per_day_sd: 0.02~steps_per_day_mean: 6756.26~steps_per_day_sd: 2978.77~UCSD_SOBQ_mean: 19.25~UCSD_SOBQ_sd: 13.83~POMS_tension_anxiety_mean: 5.75~POMS_tension_anxiety_sd: 4.29~POMS_depression_mean: 5.20~POMS_depression_sd: 5.46~SF36_PCS_mean: 46.36~SF36_PCS_sd: 5.58~SF36_MCS_mean: 52.13~SF36_MCS_sd: 8.49~SEMCD_mean: 6.47~SEMCD_sd: 1.64~CRQ_mastery_mean: 4.33~CRQ_mastery_sd: 1.22~other: social support (MOS emotional-informational): 2.53 (SD 0.92)",2,outpatient clinics of pulmonary medicine departments at two tertiary hospitals; group education and exercise sessions delivered at hospital,high,,2,SEMCD,6.47,SD 1.64,1,had a smartphone and could text messages,0,,False,,0,,0,,True,smartphone: 100% (inclusion criterion),,,True,< $1000: 44.44%~≥$1000: 55.56%,Alone: 0.00%~Married or living with someone: 100.00%,,Working: 45.00%,,Middle high school & less: 45.00%~High school & higher: 55.00%,,"{'prompt_version': 'v11', 'model': 'ds-flash', 'extracted_at': '2026-05-08T00:01:04.416797', 'study_info': {'n_arms': 2, 'arm_labels': ['experimental', 'control']}}",Secondary
4475,treat1,telemonitoring,False,,128,365.0,0.0,365.0,False,,COPD,58.59,41.41,75.0,53.0,False,,69.4,8.8,,,,,,,,,,,Never smoked: 2 (1.56%)~Ex-smoker: 89 (69.53%)~Current smoker: 37 (28.91%),,,,,44.0,18.8,,"GOLD_stage: Mild/moderate: 46, Severe: 45, Very severe: 37~MRC_distribution: 1: 4 (3.15%), 2: 23 (18.11%), 3: 31 (24.41%), 4: 24 (18.90%), 5: 45 (35.43%)~comorbid_one_or_more_pct: 78 (60.94%)~hospitalizations_prior_year_mean: 2.3~hospitalizations_prior_year_sd: 2.1~SGRQ_total_mean: 68.6~SGRQ_total_sd: 16.6~HADS_anxiety_mean: 9.8~HADS_anxiety_sd: 5.2~HADS_depression_mean: 8.9~HADS_depression_sd: 4.4~other: SECD6 mean 5.0 (SD 2.2)~other: MARS mean 24.0 (SD 2.1)~other: LINQ mean 7.8 (SD 3.3)",2,"home-based telemonitoring with remote specialist support from hospital-based clinical teams (Edinburgh Community Respiratory Team, Midlothian nurses, or GP practices)",moderate,"Step 1 split: clinical responsibility lies with hospital specialist teams or GP (suggests 2 or 1), but delivery is fully home-based via telemonitoring equipment (suggests 3). Step 2 provider type (hospital-employed respiratory team/nurse specialists deliver remote monitoring) confirmed 2.",2,SECD6,5.0,SD 2.2,1,unable to use the technology,1,"touch screen telemonitoring equipment, pulse oximeter, and secure broadband link installed in participant's home",False,,1,clinical team visited participant at home to explain how to use the technology,1,participants had access to technological advice and support throughout the trial,False,,,,True,,,,,,,,"{'prompt_version': 'v11', 'model': 'ds-flash', 'extracted_at': '2026-05-08T00:02:42.271981', 'study_info': {'n_arms': 2, 'arm_labels': ['telemonitoring', 'control']}}",Secondary
4475,control,usual care,False,,128,365.0,0.0,365.0,False,,COPD,50.78,49.22,65.0,63.0,False,,68.4,8.4,,,,,,,,,,,Never smoked: 0 (0.00%)~Ex-smoker: 98 (76.56%)~Current smoker: 30 (23.44%),,,,,40.0,17.0,,"GOLD_stage: Mild/moderate: 42, Severe: 42, Very severe: 44~MRC_distribution: 1: 1 (0.78%), 2: 26 (20.31%), 3: 27 (21.09%), 4: 31 (24.22%), 5: 43 (33.59%)~comorbid_one_or_more_pct: 91 (71.09%)~hospitalizations_prior_year_mean: 2.5~hospitalizations_prior_year_sd: 2.6~SGRQ_total_mean: 68.8~SGRQ_total_sd: 15.2~HADS_anxiety_mean: 9.6~HADS_anxiety_sd: 4.6~HADS_depression_mean: 8.2~HADS_depression_sd: 4.1~other: SECD6 mean 5.2 (SD 2.3)~other: MARS mean 23.8 (SD 1.8)~other: LINQ mean 7.8 (SD 3.4)",2,"usual care delivered by hospital-based clinical teams (Edinburgh Community Respiratory Team, Midlothian nurses) or GP practices; participants recruited from hospital and primary care",moderate,"Step 1: clinical responsibility lies with hospital specialist teams or GP (suggests 2 or 1), delivery location is not explicitly described for control group. Step 2: recruitment from hospital and primary care, and the control group received the same clinical care as the intervention group (which was hospital/GP-led), confirming 2.",2,SECD6,5.2,SD 2.3,1,unable to use the technology,0,,False,,0,,0,,False,,,,True,,,,,,,,"{'prompt_version': 'v11', 'model': 'ds-flash', 'extracted_at': '2026-05-08T00:02:42.271981', 'study_info': {'n_arms': 2, 'arm_labels': ['telemonitoring', 'control']}}",Secondary
4724,treat1,E-Coach intervention (IVR + CTN coaching),False,,65,30.0,60.0,90.0,False,,COPD,58.46,41.54,38.0,27.0,False,,63.8,10.9,,,,,,,,,,,Never: 7 (10.77%)~Current: 18 (27.69%)~Former: 40 (61.54%),,,,,,,,CIRS_G_mean: 14~CIRS_G_sd: 4.7~other: CIRS-G severity index: 2.13 (SD 0.3),2,hospital-based care transition nurse (CTN) with home-based IVR and telephone coaching; patients recruited from hospital inpatient units,moderate,"Step 1 split: clinical responsibility with hospital (code 2), delivery via phone at home (code 3). Step 2 provider type (hospital-employed CTN) and recruitment (inpatient) both support code 2.",2,Wallace health literacy single item,,"Categorical distribution: Extremely 53.85%, Quite a bit 15.38%, Somewhat 12.31%, A little bit 9.23%, Not at all 9.23% (recomputed from n=65)",1,inclusion criteria: had a telephone,0,,False,,1,CTN provided training on the IVR (Ida) system,0,,False,,,,True,Financial insecurity: No: 24 (36.92%)~Yes: 41 (63.08%),,Married: 31 (47.69%)~Not married: 34 (52.31%),,,<High school: 18 (27.69%)~High school/GED: 27 (41.54%)~Some college: 13 (20.00%)~≥College graduate: 7 (10.77%),White: 44 (67.69%)~Black/other: 21 (32.31%),"{'prompt_version': 'v11', 'model': 'ds-flash', 'extracted_at': '2026-05-08T00:01:34.928280'}",Secondary
4724,control,usual discharge care,False,,67,30.0,60.0,90.0,False,,COPD,31.34,68.66,21.0,46.0,False,,63.4,11.0,,,,,,,,,,,Never: 5 (7.46%)~Current: 21 (31.34%)~Former: 41 (61.19%),,,,,,,,CIRS_G_mean: 14~CIRS_G_sd: 4.4~other: CIRS-G severity index: 2.20 (SD 0.4),2,usual care at academic hospital; patients received standardized discharge instructions,moderate,"Step 1 split: clinical responsibility with hospital (code 2), delivery via phone at home (code 3). Step 2 provider type (hospital-employed CTN) and recruitment (inpatient) both support code 2. Applied to control as identical care setting.",2,Wallace health literacy single item,,"Categorical distribution: Extremely 58.21%, Quite a bit 19.40%, Somewhat 11.94%, A little bit 2.99%, Not at all 7.46% (recomputed from n=67)",1,inclusion criteria: had a telephone,0,,False,,0,,0,,False,,,,True,Financial insecurity: No: 21 (31.34%)~Yes: 45 (67.16%),,Married: 27 (40.30%)~Not married: 40 (59.70%),,,<High school: 18 (26.87%)~High school/GED: 29 (43.28%)~Some college: 12 (17.91%)~≥College graduate: 8 (11.94%),White: 45 (67.16%)~Black/other: 22 (32.84%),"{'prompt_version': 'v11', 'model': 'ds-flash', 'extracted_at': '2026-05-08T00:01:34.928280'}",Secondary
4727,treat1,telehealth intervention (TH),False,,334,365.0,0.0,365.0,False,,COPD,43.71,56.29,146.0,188.0,False,,71.49,,0.506,,,,,,,,,,,,,,,,,,,1,home-based telehealth intervention with remote monitoring by healthcare professionals; clinical responsibility held by GP practice (recruited from 121 General Practices),moderate,"Step 1 split: clinical responsibility lies with GP practice (suggests 1), but delivery is home-based via telehealth equipment (suggests 3). Step 2 provider type (monitoring centre health-care professionals review data and trigger responses) and recruitment source (GP practices) confirmed 1.",0,,,,1,landline telephone and broadband internet connection required; sufficient cognitive capacity and English language skills to complete a self-reported questionnaire,1,"pulse oximeter, blood pressure monitor, weight scales, additional peripherals (e.g., glucometer), home monitoring system with base unit or set-top box",False,,0,,1,"data transmitted to monitoring centre reviewed by health-care professionals; appropriate response triggered (e.g., repeat reading, contact participant, arrange home visit, refer to other service)",False,,,,True,,,,,,,Non-White: 3.89%~White British/Irish: 96.11%,"{'prompt_version': 'v11', 'model': 'ds-flash', 'extracted_at': '2026-05-08T00:01:24.760176', 'study_info': {'n_arms': 2, 'arm_labels': ['telehealth intervention', 'standard care']}}",Primary
4727,control,standard care (usual care),False,,244,365.0,0.0,365.0,False,,COPD,43.44,56.56,106.0,138.0,False,,72.22,,0.592,,,,,,,,,,,,,,,,,,,1,standard care delivered at recruitment site (GP practice); participants recruited from 121 General Practices,moderate,"Only recruitment source (GP practices) available as signal; no explicit description of control setting. Step 1: clinical responsibility likely GP (suggests 1), delivery location not described. Step 2: recruitment from GP practices confirmed 1.",0,,,,1,landline telephone and broadband internet connection required; sufficient cognitive capacity and English language skills to complete a self-reported questionnaire,0,,False,,0,,0,,False,,,,True,,,,,,,Non-White: 4.10%~White British/Irish: 95.90%,"{'prompt_version': 'v11', 'model': 'ds-flash', 'extracted_at': '2026-05-08T00:01:24.760176', 'study_info': {'n_arms': 2, 'arm_labels': ['telehealth intervention', 'standard care']}}",Primary
4736,treat1,internet-mediated pedometer-based physical activity intervention,False,,75,180.0,0.0,180.0,False,,COPD,6.67,93.33,5.0,70.0,False,,69.2,7.2,,,,,,,,,,,,,,,,60.6,23.1,,6MWD_mean: 360.8~6MWD_sd: 92.0~steps_per_day_mean: 3176.6~steps_per_day_sd: 2211.6~SGRQ_total_mean: 40.0~SGRQ_total_sd: 15.3~mMRC_mean: 2.0~mMRC_sd: 1.2~BCKQ_mean: 46.9~BCKQ_sd: 15.0~MOS_SS_mean: 76.8~MOS_SS_sd: 23.8~LTOT_pct: 25.33%,2,home-based pedometer and website intervention; participants recruited from VA outpatient pulmonary clinics; clinical responsibility with VA providers,moderate,"Step 1 split: clinical responsibility lies with VA hospital (suggests 2), but delivery is home-based via website and pedometer (suggests 3). Step 2: recruitment from VA outpatient clinics and in-person assessments at VA confirm secondary care setting; no ongoing clinical support but intervention is prescribed by VA providers.",2,BCKQ,46.9,check instrument_name,1,"Access to a computer with internet connection required, or willing to come to VA to use study computers",0,,False,,0,,0,,False,,,,True,Annual income < $30k: 42.67%,,,,Rural: 5.33%,Greater than high school: 70.67%,White: 92.00%,"{'prompt_version': 'v11', 'model': 'ds-flash', 'extracted_at': '2026-05-08T00:02:14.708235', 'study_info': {'n_arms': 2, 'arm_labels': ['intervention', 'usual care control']}}",Secondary
4736,control,usual care,False,,78,180.0,0.0,180.0,False,,COPD,7.69,92.31,6.0,72.0,False,,70.4,7.3,,,,,,,,,,,,,,,,61.5,19.8,,6MWD_mean: 357.2~6MWD_sd: 103.5~steps_per_day_mean: 3210.2~steps_per_day_sd: 2247.9~SGRQ_total_mean: 38.0~SGRQ_total_sd: 17.8~mMRC_mean: 2.1~mMRC_sd: 1.2~BCKQ_mean: 46.1~BCKQ_sd: 16.2~MOS_SS_mean: 69.4~MOS_SS_sd: 27.7~LTOT_pct: 28.21%,2,usual care; participants recruited from VA outpatient pulmonary clinics; no further contact until assessments,moderate,"Step 1 split: clinical responsibility lies with VA hospital (suggests 2), but delivery is home-based with no intervention (suggests 3). Step 2: recruitment from VA outpatient clinics and in-person assessments at VA confirm secondary care setting.",2,BCKQ,46.1,check instrument_name,1,"Access to a computer with internet connection required, or willing to come to VA to use study computers",0,,False,,0,,0,,False,,,,True,Annual income < $30k: 43.59%,,,,Rural: 14.10%,Greater than high school: 80.77%,White: 88.46%,"{'prompt_version': 'v11', 'model': 'ds-flash', 'extracted_at': '2026-05-08T00:02:14.708235', 'study_info': {'n_arms': 2, 'arm_labels': ['intervention', 'usual care control']}}",Secondary
4876,treat1,"tele-video-consultation (TVC) with tablet, web camera, microphone, pulse oximeter, and heart rate monitor",False,,57,14.0,351.0,365.0,False,,COPD,73.68,26.32,42.0,15.0,False,,69.0,,1.169,,22.5,,,,,,,,Current: 13 (22.81%)~Ex-smoker: 57 (100.00%),,,,"Ex-smoker count equals total arm size, suggesting all patients are ex-smokers, but current smokers also reported. Percentages do not sum to 100. Never category not reported.",,,Median 38.70 (IQR 31.80-46.25),CAT_mean: 21.5 (SEM 0.93)~comorbid_CVD_pct: 20 (35.09%)~comorbid_HF_pct: 3 (5.26%)~comorbid_depression_pct: 17 (29.82%)~comorbid_osteoporosis_pct: 9 (15.79%)~LTOT_pct: 6 (10.53%)~other: NIV at home: 1 (1.75%)~other: Previous acute NIV: 10 (17.54%)~other: Previous respirator: 5 (8.77%)~other: PAH: 4 (7.02%)~other: Admitted preceding year: 26 (45.61%)~other: Home nurse: 9 (15.79%)~FEV1_L_median: 0.89~FEV1_L_iqr: 0.68-1.23~MRC_mean: 3.5~HADS_total_mean: 11.03 (SEM 1.15)~HADS_anxiety_mean: 6.02 (SEM 0.75),2,home-based tele-video-consultations with specialist respiratory nurse from hospital,moderate,"Step 1 split: clinical responsibility lies with hospital specialist (suggests 2), delivery is home-based (suggests 3). Step 2 provider type (hospital-employed nurse) confirmed 2.",0,,,,1,inappropriately available internet and telephone coverage were exclusion criteria,1,"tablet with web camera, microphone, pulse oximeter, and heart rate monitor installed at home",False,,0,,0,,False,,,,True,,Solo: 28 (49.12%)~With others: 29 (50.88%),,,,,,"{'prompt_version': 'v11', 'model': 'ds-flash', 'extracted_at': '2026-05-08T00:03:15.666978', 'study_info': {'n_arms': 3, 'arm_labels': ['TVC', 'Phone calls', 'BSP COPD care']}}",Secondary
4876,treat2,telephone follow-up from specialist respiratory nurse,False,,59,14.0,351.0,365.0,False,,COPD,64.41,35.59,38.0,21.0,False,,68.64,,1.161,,24.0,,,,,,,,Current: 17 (28.81%)~Ex-smoker: 59 (100.00%),,,,"Ex-smoker count equals total arm size, suggesting all patients are ex-smokers, but current smokers also reported. Percentages do not sum to 100. Never category not reported.",,,Median 40.30 (IQR 26.28-47.08),CAT_mean: 23.1 (SEM 0.81)~comorbid_CVD_pct: 27 (45.76%)~comorbid_HF_pct: 10 (16.95%)~comorbid_depression_pct: 14 (23.73%)~comorbid_osteoporosis_pct: 16 (27.12%)~LTOT_pct: 15 (25.42%)~other: NIV at home: 5 (8.47%)~other: Previous acute NIV: 11 (18.64%)~other: Previous respirator: 5 (8.47%)~other: PAH: 5 (8.47%)~other: Admitted preceding year: 25 (42.37%)~other: Home nurse: 17 (28.81%)~FEV1_L_median: 0.87~FEV1_L_iqr: 0.67-1.20~MRC_mean: 4~HADS_total_mean: 11.08 (SEM 0.96)~HADS_anxiety_mean: 6.18 (SEM 0.70),2,home-based telephone follow-up from specialist respiratory nurse,moderate,"Step 1 split: clinical responsibility lies with hospital specialist (suggests 2), delivery is home-based (suggests 3). Step 2 provider type (hospital-employed nurse) confirmed 2.",0,,,,1,inappropriately available internet and telephone coverage were exclusion criteria,0,,False,,0,,0,,False,,,,True,,Solo: 19 (32.20%)~With others: 40 (67.80%),,,,,,"{'prompt_version': 'v11', 'model': 'ds-flash', 'extracted_at': '2026-05-08T00:03:15.666978', 'study_info': {'n_arms': 3, 'arm_labels': ['TVC', 'Phone calls', 'BSP COPD care']}}",Secondary
4876,control,best standard practice (BSP) COPD care (usual care),False,,57,0.0,365.0,365.0,False,,COPD,54.39,45.61,31.0,26.0,False,,68.07,,1.134,,22.3,,,,,,,,Current: 17 (29.82%)~Ex-smoker: 55 (96.49%),,,,Printed current smoker % (22.8%) does not match recomputed (29.82%). Ex-smoker count (55) does not equal total arm size (57). Never category not reported.,,,Median 36.80 (IQR 26.50-46.30),CAT_mean: 23.8 (SEM 0.98)~comorbid_CVD_pct: 25 (43.86%)~comorbid_HF_pct: 6 (10.53%)~comorbid_depression_pct: 16 (28.07%)~comorbid_osteoporosis_pct: 14 (24.56%)~LTOT_pct: 10 (17.54%)~other: NIV at home: 3 (5.26%)~other: Previous acute NIV: 13 (22.81%)~other: Previous respirator: 11 (19.30%)~other: PAH: 5 (8.77%)~other: Admitted preceding year: 20 (35.09%)~other: Home nurse: 12 (21.05%)~FEV1_L_median: 0.90~FEV1_L_iqr: 0.69-1.18~MRC_mean: 4~HADS_total_mean: 12.27 (SEM 1.15),1,"usual care after discharge; setting not specified, assumed primary care",low,No clear responsibility or delivery information. Step 3 best guess based on recruitment from hospital and standard care typically managed by GP; coded 1. Alternative: 3 if no clinical follow-up.,0,,,,1,inappropriately available internet and telephone coverage were exclusion criteria,0,,False,,0,,0,,False,,,,True,,Solo: 24 (42.11%)~With others: 33 (57.89%),,,,,,"{'prompt_version': 'v11', 'model': 'ds-flash', 'extracted_at': '2026-05-08T00:03:15.666978', 'study_info': {'n_arms': 3, 'arm_labels': ['TVC', 'Phone calls', 'BSP COPD care']}}",Primary
4986,treat1,virtual admission (telemedicine),False,,22,,,,True,Intervention duration (virtual admission until discharge) not reported; cannot determine time_intervention_days,COPD,54.55,45.45,12.0,10.0,False,,68.0,11.7,,,,,,,,,,,,,,,,39.0,19.6,,FEV1_L_mean: 1.02~FEV1_L_sd: 0.63~SpO2_mean: 94~SpO2_sd: 2.3~other: MMSE_mean: 28.9 (SD 1.1),2,home-based virtual admission with daily video ward rounds by hospital physician,moderate,"Step 1 split: clinical responsibility is hospital specialist (suggests 2), delivery is home-based (suggests 3). Step 2 provider type (hospital physician/health professional delivers and monitors) confirmed 2.",0,,,,1,could manage the devices and the telemedicine technology,1,"touch screen PC, pulse oximeter, spirometer, thermometer, oxygen condenser, nebulizer, medicine",False,,1,hands-on training session and full retest in the home to ensure ability to use videoconferencing and medical devices,1,24/7/365 call center for technical and clinical support,False,,,,True,,,Partnered: 36.36%,Retired: 90.91%,,7 years or less: 45.45%~8-9 years: 13.64%~10 years: 27.27%~High school: 13.64%~None: 18.18%~Vocational: 63.64%~University: 18.18%,,"{'prompt_version': 'v11', 'model': 'ds-flash', 'extracted_at': '2026-05-08T00:02:10.856333', 'study_info': {'n_arms': 2, 'arm_labels': ['virtual admission', 'conventional hospital']}}",Secondary
4986,control,conventional hospital,False,,22,,,,True,Intervention duration (hospital stay until discharge) not reported; cannot determine time_intervention_days,COPD,63.64,36.36,14.0,8.0,False,,73.0,9.6,,,,,,,,,,,,,,,,44.0,15.1,,FEV1_L_mean: 0.99~FEV1_L_sd: 0.49~SpO2_mean: 95~SpO2_sd: 1.8~other: MMSE_mean: 27.3 (SD 1.7),2,conventional hospital admission,high,,0,,,,0,,0,,False,,0,,0,,False,,,,True,,,Partnered: 22.73%,Retired: 81.82%,,7 years or less: 31.82%~8-9 years: 9.09%~10 years: 50.00%~High school: 9.09%~None: 4.55%~Vocational: 59.09%~University: 36.36%,,"{'prompt_version': 'v11', 'model': 'ds-flash', 'extracted_at': '2026-05-08T00:02:10.856333', 'study_info': {'n_arms': 2, 'arm_labels': ['virtual admission', 'conventional hospital']}}",Secondary
5203,treat1,Home Telehealth (TH),False,,115,365.0,0.0,365.0,False,,COPD,21.74,78.26,25.0,90.0,False,,71.5,8.0,,,,,,129.8,15.5,72.9,10.0,,,,,,,34.2,9.1,,"mMRC_distribution: II: 30.43%, III: 44.35%, IV: 19.13%~COPD_hospitalizations_prior_year_mean: 2.0~COPD_hospitalizations_prior_year_sd: 1.3~Barthel_mean: 95.0~Barthel_sd: 9.9~Charlson_mean: 2.4~Charlson_sd: 1.5~other: COTE Index: 1.7 (SD 2.08)~CAT_mean: 18.6~CAT_sd: 6.8~EQ5D_mean: 0.8~EQ5D_sd: 0.2~Goldberg_anxiety_mean: 1.5~Goldberg_anxiety_sd: 2.3~Goldberg_depression_mean: 2.5~Goldberg_depression_sd: 2.4~SpO2_mean: 90.6~SpO2_sd: 4.7~HR_mean: 83.4~HR_sd: 11.8~LTOT_hours_per_day_mean: 18.9~LTOT_hours_per_day_sd: 3.7",2,home-based telemonitoring with remote specialist support from hospital pulmonology team; patients recruited from five Madrid hospitals,high,,0,,,,1,Inability for the patient or caregiver to understand the TH procedure,1,"pulse oximeter, blood pressure gauge, spirometer, respiratory rate/oxygen therapy compliance monitor, free 3G modem (2 Net Hub) installed at home",False,,1,healthcare personnel installed equipment and trained the patient or carer on its use; instruction sheet provided,1,Monitoring Centre staffed by nurses with specialist training in telemonitoring programs; telephone assistance available (Q3 and Q4 of satisfaction questionnaire),False,,,,True,,Alone: 2.61%~With partner: 73.04%~With other relatives: 8.70%~Other situation: 15.65%,,,,Unschooled: 16.52%~Primary: 40.87%~Secondary: 26.09%~University: 16.52%,,"{'prompt_version': 'v11', 'model': 'ds-flash', 'extracted_at': '2026-05-08T00:03:31.651976', 'study_info': {'n_arms': 2, 'arm_labels': ['Telehealth (TH)', 'Routine Clinical Practice (RCP)']}}",Secondary
5203,control,Routine Clinical Practice (RCP),False,,114,365.0,0.0,365.0,False,,COPD,17.54,82.46,20.0,94.0,False,,71.3,8.9,,,,,,131.9,16.5,74.9,11.7,,,,,,,32.2,8.8,,"mMRC_distribution: II: 24.56%, III: 49.12%, IV: 16.67%~COPD_hospitalizations_prior_year_mean: 2.0~COPD_hospitalizations_prior_year_sd: 1.2~Barthel_mean: 94.6~Barthel_sd: 10.8~Charlson_mean: 2.4~Charlson_sd: 1.5~other: COTE Index: 1.6 (SD 2.16)~CAT_mean: 18.6~CAT_sd: 6.4~EQ5D_mean: 0.8~EQ5D_sd: 0.2~Goldberg_anxiety_mean: 1.8~Goldberg_anxiety_sd: 2.5~Goldberg_depression_mean: 2.9~Goldberg_depression_sd: 2.5~SpO2_mean: 90.9~SpO2_sd: 5.4~HR_mean: 82.3~HR_sd: 12.0~LTOT_hours_per_day_mean: 18.8~LTOT_hours_per_day_sd: 3.5",2,routine clinical practice at hospital outpatient clinics; patients recruited from five Madrid hospitals,high,,0,,,,1,Inability for the patient or caregiver to understand the TH procedure,0,,False,,0,,0,,False,,,,True,,Alone: 2.63%~With partner: 65.79%~With other relatives: 13.16%~Other situation: 18.42%,,,,Unschooled: 7.89%~Primary: 50.88%~Secondary: 26.32%~University: 14.91%,,"{'prompt_version': 'v11', 'model': 'ds-flash', 'extracted_at': '2026-05-08T00:03:31.651976', 'study_info': {'n_arms': 2, 'arm_labels': ['Telehealth (TH)', 'Routine Clinical Practice (RCP)']}}",Secondary
5232,treat1,self-monitoring group,False,,41,182.0,0.0,182.0,False,,COPD,43.9,56.1,18.0,23.0,False,,71.76,7.28,,,,,"Median 28.10, MAD 4.15",129.9,20.5,75.37,10.63,,Currently smoking: 12%~Never smoked: 11%,,,,"Years since quitting: median 15, MAD 10.38 (n=31)",,,"Median 0.53, MAD 0.13",disease_duration_years_median: 4.5~disease_duration_years_mad: 5.19~FEV1_L_median: 1.26~FEV1_L_mad: 0.67~FEV1_FVC_ratio_median: 0.58~FEV1_FVC_ratio_mad: 0.16~CAT_mean: 15.54~CAT_sd: 7.65~exacerbations_prior_year_median: 1~exacerbations_prior_year_mad: 1.48~ED_visits_prior_year_median: 0~ED_visits_prior_year_mad: 0~hospitalizations_prior_year_median: 0~hospitalizations_prior_year_mad: 0~GP_visits_prior_year_median: 1~GP_visits_prior_year_mad: 1.48~other: Never been in exercise/rehabilitation: 68%~other: Never used technology: 78%~other: No medications on hold: 59%,2,home-based self-monitoring with hospital-based RT oversight; clinical responsibility lies with hospital respirologist/RT,moderate,"Step 1 split: clinical responsibility lies with hospital specialist (suggests 2), but delivery is home-based via kit (suggests 3). Step 2 provider type (hospital-employed RT provides training and monitoring) confirmed 2.",0,,,,1,patients without Wi-Fi internet access in their homes; inability to use the technology because of physical or cognitive impairment,1,"Cloud DX Connected Health Kit including tablet, Pulsewave wrist cuff monitor, oximeter, weighing scale, and thermometer",False,,0,,1,option to email or call clinic with nonemergency questions; Cloud DX staff monitored extreme levels and contacted patients; regular bug fixes throughout trial,True,,,Never used technology: 78%,True,,,,,,,,"{'prompt_version': 'v11', 'model': 'ds-flash', 'extracted_at': '2026-05-08T00:13:03.910172'}",Secondary
5232,treat2,remote monitoring group,False,,41,182.0,0.0,182.0,False,,COPD,43.9,56.1,18.0,23.0,False,,71.98,9.52,,,,,"Median 23.40, MAD 6.52",125.65,17.34,74.48,8.83,,Currently smoking: 24%~Never smoked: 23%,,,,"Years since quitting: median 13, MAD 11.86 (n=24)",,,"Median 0.50, MAD 0.25",disease_duration_years_median: 7~disease_duration_years_mad: 4.45~FEV1_L_median: 1.17~FEV1_L_mad: 0.43~FEV1_FVC_ratio_median: 0.54~FEV1_FVC_ratio_mad: 0.19~CAT_mean: 19.15~CAT_sd: 8.18~exacerbations_prior_year_median: 2~exacerbations_prior_year_mad: 2.97~ED_visits_prior_year_median: 0~ED_visits_prior_year_mad: 0~hospitalizations_prior_year_median: 0~hospitalizations_prior_year_mad: 0~GP_visits_prior_year_median: 1~GP_visits_prior_year_mad: 1.48~other: Never been in exercise/rehabilitation: 80%~other: Never used technology: 85%~other: No medications on hold: 63%,2,home-based remote monitoring with active hospital-based RT monitoring and weekly calls; clinical responsibility lies with hospital respirologist/RT,moderate,"Step 1 split: clinical responsibility lies with hospital specialist (suggests 2), but delivery is home-based via kit (suggests 3). Step 2 provider type (hospital-employed RT provides active monitoring and calls) confirmed 2.",0,,,,1,patients without Wi-Fi internet access in their homes; inability to use the technology because of physical or cognitive impairment,1,"Cloud DX Connected Health Kit including tablet, Pulsewave wrist cuff monitor, oximeter, weighing scale, and thermometer",False,,0,,1,option to email or call clinic with nonemergency questions; Cloud DX staff monitored extreme levels and contacted patients; regular bug fixes throughout trial,True,,,Never used technology: 85%,True,,,,,,,,"{'prompt_version': 'v11', 'model': 'ds-flash', 'extracted_at': '2026-05-08T00:13:03.910172'}",Secondary
5232,control,standard care,False,,40,182.0,0.0,182.0,False,,COPD,47.5,52.5,19.0,21.0,False,,72.78,9.16,,,,,"Median 24.65, MAD 6.67",129.36,15.86,76.76,7.55,,Currently smoking: 23%~Never smoked: 3%,,,,"Years since quitting: median 15, MAD 17.79 (n=29)",,,"Median 0.45, MAD 0.22",disease_duration_years_median: 4~disease_duration_years_mad: 3.71~FEV1_L_median: 1.09~FEV1_L_mad: 0.47~FEV1_FVC_ratio_median: 0.56~FEV1_FVC_ratio_mad: 0.18~CAT_mean: 20.42~CAT_sd: 7.68~exacerbations_prior_year_median: 1~exacerbations_prior_year_mad: 1.48~ED_visits_prior_year_median: 0~ED_visits_prior_year_mad: 0~hospitalizations_prior_year_median: 0~hospitalizations_prior_year_mad: 0~GP_visits_prior_year_median: 1.5~GP_visits_prior_year_mad: 2.22~other: Never been in exercise/rehabilitation: 58%~other: Never used technology: 68%~other: No medications on hold: 63%,2,standard care at hospital-based respiratory clinic,high,,0,,,,1,patients without Wi-Fi internet access in their homes; inability to use the technology because of physical or cognitive impairment,0,,False,,0,,0,,True,,,Never used technology: 68%,True,,,,,,,,"{'prompt_version': 'v11', 'model': 'ds-flash', 'extracted_at': '2026-05-08T00:13:03.910172'}",Secondary
5339,treat1,"telehealth program (Condition Coach with web portal, activity coach, self-management diary, teleconsultation)",False,,12,270.0,0.0,270.0,False,,COPD,50.0,50.0,6.0,6.0,False,,64.1,9.0,,,25.3,4.2,,,,,,,Smokers: 4 (36.36%)~Nonsmokers: 7 (63.64%)~non-smoking (inferred): 1,,,,,,,Median 50.0 (IQR 33.3-61.5),6MWD_mean: 409.5~6MWD_sd: 111.6~MRC_median: 3.0~MRC_iqr: 2.0-3.3~CCQ_mean: 2.0~CCQ_sd: 1.0~other: MFI general fatigue median 12.0 (IQR 10.0-16.0)~EQ5D_VAS_mean: 64.1~EQ5D_VAS_sd: 15.9~EQ5D_mean: 0.75~EQ5D_sd: 0.09~other: BPAQ mean 7.1 (SD 1.4),2,home-based telehealth program with remote support from primary care physiotherapists and hospital-based chest physician/nurse practitioner,moderate,"Step 1 split: clinical responsibility shared between primary care physiotherapist (suggests 1) and hospital specialist (suggests 2); delivery home-based (suggests 3). Step 2: provider type includes hospital nurse practitioner and chest physician, confirming 2.",0,,,,1,computer with Internet access at home required,0,,False,,1,instructions from physiotherapist on web portal; two 90-minute self-management teaching sessions to learn how to complete daily diary,0,,False,,,,True,,,,Employed: 5 (41.67%)~Unemployed: 7 (58.33%),,,,"{'prompt_version': 'v11', 'model': 'ds-flash', 'extracted_at': '2026-05-08T00:13:17.383385'}",Secondary
5339,control,usual care,False,,12,270.0,0.0,270.0,False,,COPD,50.0,50.0,6.0,6.0,False,,62.8,7.4,,,28.2,4.6,,,,,,,Smokers: 4 (33.33%)~Nonsmokers: 8 (66.67%),,,,,,,Median 36.0 (IQR 26.0-53.5),6MWD_mean: 313.0~6MWD_sd: 79.4~MRC_median: 4.0~MRC_iqr: 3.0-4.0~CCQ_mean: 2.7~CCQ_sd: 0.8~other: MFI general fatigue median 16.0 (IQR 11.0-20.0)~EQ5D_VAS_mean: 65.0~EQ5D_VAS_sd: 12.0~EQ5D_mean: 0.69~EQ5D_sd: 0.14~other: BPAQ mean 6.2 (SD 1.3),2,usual care as outpatients; recruited from hospital outpatient clinic and primary care practices,moderate,"No specific setting described for control; inherited from recruitment site (hospital outpatient clinic, secondary care). Usual care could involve GP or chest physician.",0,,,,1,computer with Internet access at home required,0,,False,,0,,0,,False,,,,True,,,,Employed: 2 (18.18%)~Unemployed: 9 (81.82%),,,,"{'prompt_version': 'v11', 'model': 'ds-flash', 'extracted_at': '2026-05-08T00:13:17.383385'}",Secondary
5343,treat1,telerehabilitation intervention (activity coach + web portal) added to usual care,False,,14,28.0,0.0,28.0,False,,COPD,42.86,57.14,6.0,8.0,False,,65.2,9.0,,,28.4,7.8,,,,,,,Current: 1 (7.14%)~Former: 13 (92.86%),,,,,48.7,16.7,,MRC_mean: 2.0~MRC_sd: 0.9~CCQ_total_mean: 2.0~CCQ_total_sd: 0.8~other: MFI general fatigue: 12.5 (SD 4.0)~other: MFI physical fatigue: 13.1 (SD 3.7)~other: MFI reduced activity: 9.9 (SD 3.7)~other: MFI reduced motivation: 9.0 (SD 3.8)~other: MFI mental fatigue: 6.8 (SD 3.2)~other: Physiotherapy at baseline: 11 (78.57%),2,Home-based telerehabilitation (activity coach and web portal) with clinical responsibility under chest physician; usual care includes physiotherapy at local practices,moderate,"Step 1 split: clinical responsibility lies with chest physician (suggests 2), delivery is home-based (suggests 3). Step 2b recruitment from chest physician confirmed 2.",0,,,,1,internet access at home required,0,,False,,1,two 90-minute self-management sessions to learn how to complete the daily diary on the web portal,0,,False,,,,True,,,,Employed: 4 (28.57%)~Unemployed: 10 (71.43%),,,,"{'prompt_version': 'v11', 'model': 'ds-flash', 'extracted_at': '2026-05-08T00:03:54.222270', 'study_info': {'n_arms': 2, 'arm_labels': ['intervention', 'control']}}",Secondary
5343,control,usual care (medication and physiotherapy),False,,16,28.0,0.0,28.0,False,,COPD,31.25,68.75,5.0,11.0,False,,67.9,5.7,,,29.2,4.7,,,,,,,Current: 3 (18.75%)~Former: 13 (81.25%),,,,,56.4,10.6,,MRC_mean: 2.3~MRC_sd: 1.4~CCQ_total_mean: 1.8~CCQ_total_sd: 1.0~other: MFI general fatigue: 11.6 (SD 4.4)~other: MFI physical fatigue: 11.6 (SD 3.5)~other: MFI reduced activity: 9.9 (SD 4.0)~other: MFI reduced motivation: 9.3 (SD 3.4)~other: MFI mental fatigue: 6.6 (SD 3.8)~other: Physiotherapy at baseline: 13 (81.25%),2,Usual care includes medication and physiotherapy at local physiotherapy practices; clinical responsibility under chest physician,moderate,"Step 1 split: clinical responsibility lies with chest physician (suggests 2), delivery location is local physiotherapy practices (suggests 1 or 3). Step 2b recruitment from chest physician confirmed 2.",0,,,,1,internet access at home required,0,,False,,0,,0,,False,,,,True,,,,Employed: 3 (18.75%)~Unemployed: 13 (81.25%),,,,"{'prompt_version': 'v11', 'model': 'ds-flash', 'extracted_at': '2026-05-08T00:03:54.222270', 'study_info': {'n_arms': 2, 'arm_labels': ['intervention', 'control']}}",Secondary
5534,treat1,telerehabilitation with supervised exercise training via desktop videoconferencing,False,,19,56.0,0.0,56.0,False,,COPD,36.84,63.16,7.0,12.0,False,,73.0,8.0,,,28.0,4.0,,,,,,,Current: 1 (5.26%)~non-smoking (inferred): 18,45.0,26.0,,,60.0,23.0,,"BODE_mean: 6~BODE_sd: 1~mMRC_mean: 2~mMRC_sd: 1~FEV1_L_mean: 1.3~FEV1_L_sd: 2.2~FVC_L_mean: 2.6~FVC_L_sd: 0.7~FVC_pct_mean: 89~FVC_pct_sd: 25~FEV1_FVC_ratio_mean: 51~FEV1_FVC_ratio_sd: 14~TLC_pct_mean: 103~TLC_pct_sd: 30~FRC_pct_mean: 115~FRC_pct_sd: 28~RV_pct_mean: 133~RV_pct_sd: 40~RV_TLC_ratio_mean: 52~RV_TLC_ratio_sd: 6~DLCO_pct_mean: 56~DLCO_pct_sd: 18~GOLD_stage: I: 26.32%, II: 31.58%, III: 42.11%, IV: 0.00%~comorbid_cardiac_pct: 31.58%~comorbid_hypertension_pct: 36.84%~comorbid_diabetes_pct: 21.05%~comorbid_CVA_pct: 5.26%~comorbid_depression_pct: 10.53%~comorbid_anxiety_pct: 0.00%~comorbid_musculoskeletal_pct: 47.37%~comorbid_hip_OA_pct: 10.53%~comorbid_back_OA_pct: 10.53%~comorbid_polymyalgia_pct: 5.26%~CRDQ_total_mean: 90~CRDQ_total_sd: 18~CRDQ_dyspnea_mean: 17~CRDQ_dyspnea_sd: 7~CRDQ_fatigue_mean: 15~CRDQ_fatigue_sd: 5~CRDQ_emotion_mean: 35~CRDQ_emotion_sd: 9~CRDQ_mastery_mean: 22~CRDQ_mastery_sd: 4~CAT_mean: 16~CAT_sd: 7~other: PRAISE_mean: 46~other: PRAISE_sd: 9~HADS_anxiety_mean: 5~HADS_anxiety_sd: 4~HADS_depression_mean: 5~HADS_depression_sd: 3~other: FPI_SF_total_mean: 66~other: FPI_SF_total_sd: 13~SpO2_mean: 89~SpO2_sd: 6~HR_mean: 101~HR_sd: 26~other: dyspnoea_isotime_mean: 4~other: dyspnoea_isotime_sd: 2~steps_per_day_mean: 2969~steps_per_day_sd: 1436~sedentary_min_per_day_mean: 1185~sedentary_min_per_day_sd: 131~other: light_PA_min_per_day_mean: 196~other: light_PA_min_per_day_sd: 125~other: moderate_PA_min_per_day_mean: 23~other: moderate_PA_min_per_day_sd: 21~other: vigorous_PA_min_per_day_mean: 1~other: vigorous_PA_min_per_day_sd: 2~other: very_vigorous_PA_min_per_day_mean: 0~other: very_vigorous_PA_min_per_day_sd: 0",2,home-based telerehabilitation supervised by hospital-based physiotherapist via videoconferencing,moderate,"Step 1 split: clinical responsibility with hospital physiotherapist (suggests 2), delivery at home (suggests 3). Step 2 provider type (hospital-employed physiotherapist) and recruitment source (tertiary hospital) confirmed 2.",2,PRAISE,46.0,SD 9,0,,1,"laptop computer, cycle ergometer, pulse oximeter provided",False,,1,booklet and face-to-face education session on equipment use,0,,True,,,Computer usage: Never used before: 32%~Computer usage: Used in the past but not currently using: 10%~Computer usage: Used in the past and currently using: 58%,True,,,,Employed: 26%~Retired: 74%,,,,"{'prompt_version': 'v11', 'model': 'ds-flash', 'extracted_at': '2026-05-08T00:04:55.287089', 'study_info': {'n_arms': 2, 'arm_labels': ['telerehabilitation', 'control']}}",Secondary
5534,control,usual medical management with no exercise training,False,,17,56.0,0.0,56.0,False,,COPD,64.71,35.29,11.0,6.0,False,,75.0,9.0,,,28.0,5.0,,,,,,,Current: 1 (5.88%)~non-smoking (inferred): 16,49.0,35.0,,,68.0,19.0,,"BODE_mean: 6~BODE_sd: 1~mMRC_mean: 2~mMRC_sd: 1~FEV1_L_mean: 1.4~FEV1_L_sd: 0.5~FVC_L_mean: 2.6~FVC_L_sd: 0.6~FVC_pct_mean: 98~FVC_pct_sd: 17~FEV1_FVC_ratio_mean: 56~FEV1_FVC_ratio_sd: 12~TLC_pct_mean: 106~TLC_pct_sd: 13~FRC_pct_mean: 116~FRC_pct_sd: 4~RV_pct_mean: 122~RV_pct_sd: 23~RV_TLC_ratio_mean: 51~RV_TLC_ratio_sd: 6~DLCO_pct_mean: 70~DLCO_pct_sd: 19~GOLD_stage: I: 35.29%, II: 35.29%, III: 29.41%, IV: 0.00%~comorbid_cardiac_pct: 23.53%~comorbid_hypertension_pct: 58.82%~comorbid_diabetes_pct: 0.00%~comorbid_CVA_pct: 5.88%~comorbid_depression_pct: 5.88%~comorbid_anxiety_pct: 5.88%~comorbid_musculoskeletal_pct: 29.41%~comorbid_hip_OA_pct: 11.76%~comorbid_back_OA_pct: 11.76%~comorbid_polymyalgia_pct: 0.00%~CRDQ_total_mean: 88~CRDQ_total_sd: 23~CRDQ_dyspnea_mean: 18~CRDQ_dyspnea_sd: 8~CRDQ_fatigue_mean: 15~CRDQ_fatigue_sd: 7~CRDQ_emotion_mean: 33~CRDQ_emotion_sd: 9~CRDQ_mastery_mean: 21~CRDQ_mastery_sd: 5~CAT_mean: 15~CAT_sd: 6~other: PRAISE_mean: 46~other: PRAISE_sd: 9~HADS_anxiety_mean: 6~HADS_anxiety_sd: 4~HADS_depression_mean: 5~HADS_depression_sd: 3~other: FPI_SF_total_mean: 66~other: FPI_SF_total_sd: 14~SpO2_mean: 92~SpO2_sd: 3~HR_mean: 111~HR_sd: 23~other: dyspnoea_isotime_mean: 4~other: dyspnoea_isotime_sd: 2~steps_per_day_mean: 3243~steps_per_day_sd: 3224~sedentary_min_per_day_mean: 1196~sedentary_min_per_day_sd: 108~other: light_PA_min_per_day_mean: 175~other: light_PA_min_per_day_sd: 106~other: moderate_PA_min_per_day_mean: 33~other: moderate_PA_min_per_day_sd: 36~other: vigorous_PA_min_per_day_mean: 4~other: vigorous_PA_min_per_day_sd: 12~other: very_vigorous_PA_min_per_day_mean: 0~other: very_vigorous_PA_min_per_day_sd: 0",2,usual medical management; participants recruited from tertiary hospital PR programme,low,No explicit setting described. Step 3 best guess based on recruitment from tertiary hospital PR programme; coded 2. Alternative: 1 if usual care is GP-managed.,2,PRAISE,46.0,SD 9,0,,0,,False,,0,,0,,True,,,Computer usage: Never used before: 12%~Computer usage: Used in the past but not currently using: 12%~Computer usage: Used in the past and currently using: 76%,True,,,,Employed: 6%~Retired: 94%,,,,"{'prompt_version': 'v11', 'model': 'ds-flash', 'extracted_at': '2026-05-08T00:04:55.287089', 'study_info': {'n_arms': 2, 'arm_labels': ['telerehabilitation', 'control']}}",Secondary
5563,treat1,telehealthcare with tablet and peripherals,False,,578,365.0,0.0,365.0,False,,COPD,51.73,48.27,299.0,279.0,False,,69.55,9.36,,,,,,,,,,,Non-smokers: 59.34%~Smokers: 33.91%,,,,,47.7,18.05,,disease_duration_years_mean: 7.80~disease_duration_years_sd: 6.23~FVC_pct_mean: 70.38~FVC_pct_sd: 20.02~comorbid_diabetes_pct: 10.21%~comorbid_IHD_pct: 32.70%~comorbid_mental_health_pct: 4.84%~comorbid_musculoskeletal_pct: 24.91%~comorbid_cancer_pct: 6.06%~EQ5D_mean: 0.706~EQ5D_sd: 0.202,3,home-based telehealth monitoring with municipality nurse oversight; GP sets threshold values but does not actively monitor,moderate,"Step 1 split: clinical responsibility shared between GP (suggests 1) and municipality nurses (suggests 3), delivery at home (suggests 3). Step 2 provider type (municipality nurses) confirms 3.",0,,,,1,no phone line or GSM coverage,1,"tablet (Samsung Galaxy), fingertip pulse oximeter, digital blood pressure monitor, scale",False,,1,nurse demonstrated tablet use and instructed in physical measurements; 45-min follow-up visit at 3-4 weeks,1,IT specialists handle technical support and maintenance; nurses available by telephone,False,,,,True,,,Married/in a relationship: 55.88%~Single: 20.42%~Widow/widower: 16.78%,,,,,"{'prompt_version': 'v11', 'model': 'ds-flash', 'extracted_at': '2026-05-08T00:07:03.520682'}",Community
5563,control,usual care,False,,647,365.0,0.0,365.0,False,,COPD,56.26,43.74,364.0,283.0,False,,70.33,9.11,,,,,,,,,,,Non-smokers: 63.06%~Smokers: 29.21%,,,,,48.37,18.94,,disease_duration_years_mean: 7.70~disease_duration_years_sd: 5.79~FVC_pct_mean: 74.34~FVC_pct_sd: 22.33~comorbid_diabetes_pct: 9.89%~comorbid_IHD_pct: 31.84%~comorbid_mental_health_pct: 4.79%~comorbid_musculoskeletal_pct: 29.37%~comorbid_cancer_pct: 4.79%~EQ5D_mean: 0.716~EQ5D_sd: 0.185,1,usual care with GP as primary responsible clinician; care delivered at GP practice and through home nursing,high,,0,,,,1,no phone line or GSM coverage,0,,False,,0,,0,,False,,,,True,,,Married/in a relationship: 54.25%~Single: 22.10%~Widow/widower: 16.54%,,,,,"{'prompt_version': 'v11', 'model': 'ds-flash', 'extracted_at': '2026-05-08T00:07:03.520682'}",Primary
5660,treat1,home-based maintenance tele-rehabilitation,False,,47,420.0,0.0,420.0,False,,COPD,6.38,93.62,3.0,44.0,False,,66.9,9.6,,,28.0,5.3,,,,,,,Current: 14.89%~Former: 85.11%,,,,,49.6,21.9,,FEV1_L_mean: 1.55~FEV1_L_sd: 0.80~FVC_L_mean: 3.07~FVC_L_sd: 0.90~FVC_pct_mean: 80.7~FVC_pct_sd: 20.2~FEV1_FVC_ratio_mean: 47.0~FEV1_FVC_ratio_sd: 14.1~VC_pct_mean: 83.6~VC_pct_sd: 20.6~IC_pct_mean: 81.7~IC_pct_sd: 33.0~TLC_pct_mean: 118.8~TLC_pct_sd: 30.3~FRC_pct_mean: 158.5~FRC_pct_sd: 60.5~RV_pct_mean: 184.6~RV_pct_sd: 80.6~DLCO_pct_mean: 53.5~DLCO_pct_sd: 19.9~SpO2_mean: 93.0~SpO2_sd: 3.0~6MWD_mean: 389.1~6MWD_sd: 91.3~BODE_mean: 3.5~BODE_sd: 2.7~mMRC_mean: 2.3~mMRC_sd: 1.0~LTOT_pct: 27.66%~exacerbations_prior_year_mean: 3.3~exacerbations_prior_year_sd: 1.3~comorbid_cardiovascular_pct: 29.79%~CPET_Wmax_mean: 63~CPET_Wmax_sd: 33~SGRQ_total_mean: 46.2~SGRQ_total_sd: 19.7~CAT_mean: 17.6~CAT_sd: 8.1~other: LAMA n: 36~other: LABA n: 22~other: ICS n: 32,2,home-based tele-rehabilitation with remote specialist support from hospital-based team,moderate,"Step 1 split: clinical responsibility with hospital specialist (suggests 2), delivery at home (suggests 3). Step 2 provider type (hospital-employed healthcare professionals) and recruitment from outpatient clinic confirmed 2.",0,,,,1,difficulties to managing electronic devices that precluded interactions with the tablet,1,"multimodal apparatus (MIR Spirodoc), tablet (Lenovo Smart Tab II7), pedometer, and mobile communications network provided",False,,1,"training to use multimodal apparatus, tablet, and data transmission",0,,False,,,,False,,,,,,,,"{'prompt_version': 'v11', 'model': 'ds-flash', 'extracted_at': '2026-05-08T00:11:20.994486', 'study_info': {'n_arms': 3, 'arm_labels': ['home-based maintenance tele-rehabilitation', 'hospital-based, outpatient, maintenance rehabilitation', 'usual care']}}",Secondary
5660,treat2,hospital-based outpatient maintenance rehabilitation,False,,50,420.0,0.0,420.0,False,,COPD,24.0,76.0,12.0,38.0,False,,66.7,7.3,,,27.5,5.0,,,,,,,Current: 8.00%~Former: 92.00%,,,,,51.8,17.3,,FEV1_L_mean: 1.41~FEV1_L_sd: 0.48~FVC_L_mean: 2.70~FVC_L_sd: 0.65~FVC_pct_mean: 78.4~FVC_pct_sd: 18.4~FEV1_FVC_ratio_mean: 49.0~FEV1_FVC_ratio_sd: 12.7~VC_pct_mean: 85.5~VC_pct_sd: 14.6~IC_pct_mean: 77.3~IC_pct_sd: 30.0~TLC_pct_mean: 120.7~TLC_pct_sd: 25.7~FRC_pct_mean: 154.5~FRC_pct_sd: 43.0~RV_pct_mean: 180.2~RV_pct_sd: 59.9~DLCO_pct_mean: 57.0~DLCO_pct_sd: 20.4~SpO2_mean: 94.0~SpO2_sd: 2.9~6MWD_mean: 385.1~6MWD_sd: 80.3~BODE_mean: 3.2~BODE_sd: 2.1~mMRC_mean: 2.5~mMRC_sd: 1.0~LTOT_pct: 18.00%~exacerbations_prior_year_mean: 3.4~exacerbations_prior_year_sd: 1.4~comorbid_cardiovascular_pct: 30.00%~CPET_Wmax_mean: 67~CPET_Wmax_sd: 25~SGRQ_total_mean: 43.5~SGRQ_total_sd: 16.7~CAT_mean: 15.7~CAT_sd: 5.6~other: LAMA n: 37~other: LABA n: 26~other: ICS n: 37,2,hospital-based outpatient maintenance rehabilitation,high,,0,,,,1,difficulties to managing electronic devices that precluded interactions with the tablet,0,,False,,0,,0,,False,,,,False,,,,,,,,"{'prompt_version': 'v11', 'model': 'ds-flash', 'extracted_at': '2026-05-08T00:11:20.994486', 'study_info': {'n_arms': 3, 'arm_labels': ['home-based maintenance tele-rehabilitation', 'hospital-based, outpatient, maintenance rehabilitation', 'usual care']}}",Secondary
5660,control,usual care,False,,50,420.0,0.0,420.0,False,,COPD,26.0,74.0,13.0,37.0,False,,64.0,8.0,,,26.4,5.0,,,,,,,Current: 6.00%~Former: 94.00%,,,,,51.7,21.0,,FEV1_L_mean: 1.42~FEV1_L_sd: 0.66~FVC_L_mean: 2.77~FVC_L_sd: 0.81~FVC_pct_mean: 80.0~FVC_pct_sd: 20.3~FEV1_FVC_ratio_mean: 51.9~FEV1_FVC_ratio_sd: 12.4~VC_pct_mean: 82.6~VC_pct_sd: 21.9~IC_pct_mean: 76.9~IC_pct_sd: 31.0~TLC_pct_mean: 119.9~TLC_pct_sd: 28.8~FRC_pct_mean: 154.4~FRC_pct_sd: 56.6~RV_pct_mean: 182.0~RV_pct_sd: 70.9~DLCO_pct_mean: 55.9~DLCO_pct_sd: 28.4~SpO2_mean: 94.0~SpO2_sd: 3.0~6MWD_mean: 384.8~6MWD_sd: 80.2~BODE_mean: 3.3~BODE_sd: 2.3~mMRC_mean: 2.2~mMRC_sd: 1.1~LTOT_pct: 30.00%~exacerbations_prior_year_mean: 3.3~exacerbations_prior_year_sd: 1.6~comorbid_cardiovascular_pct: 26.00%~CPET_Wmax_mean: 65~CPET_Wmax_sd: 24~SGRQ_total_mean: 44.1~SGRQ_total_sd: 16.6~CAT_mean: 15.8~CAT_sd: 4.9~other: LAMA n: 35~other: LABA n: 24~other: ICS n: 41,2,usual care with regular follow-up by respiratory physician at outpatient clinic,high,,0,,,,1,difficulties to managing electronic devices that precluded interactions with the tablet,0,,False,,0,,0,,False,,,,False,,,,,,,,"{'prompt_version': 'v11', 'model': 'ds-flash', 'extracted_at': '2026-05-08T00:11:20.994486', 'study_info': {'n_arms': 3, 'arm_labels': ['home-based maintenance tele-rehabilitation', 'hospital-based, outpatient, maintenance rehabilitation', 'usual care']}}",Secondary
5737,treat1,smartphone app with physiotherapist website monitoring,False,,84,180.0,180.0,360.0,False,,COPD,50.0,50.0,42.0,42.0,False,,62.0,9.0,,,27.7,,Mean 27.7 (SE 0.58),,,,,,,,,,,59.0,20.0,,"FEV1_L_mean: 1.67~FEV1_L_sd: 0.59~FVC_L_mean: 3.6~FVC_L_sd: 0.98~FVC_pct_mean: 101~FVC_pct_sd: 20~6MWD_mean: 465~6MWD_sd: 87~6MWD_pct_pred_mean: 80~6MWD_pct_pred_sd: 15~CRQ_dyspnea_mean: 4.8~CRQ_dyspnea_sd: 1.3~CRQ_fatigue_mean: 4.3~CRQ_fatigue_sd: 1.1~CRQ_emotion_mean: 5.0~CRQ_emotion_sd: 1.1~CRQ_mastery_mean: 5.4~CRQ_mastery_sd: 1.1~other: steps per day (weekday): 5824 (SD 3418)~other: steps per day (weekend): 5219 (SD 3696)~other: METs: 1.48 (SD 0.39)~other: long-term physiotherapy: 69 (82.14%)~other: BMI categories: Underweight 1 (1.23%), Normal 24 (29.63%), Overweight 31 (38.27%), Obese 25 (30.86%)",1,primary care physiotherapy practice with smartphone app and physiotherapist website monitoring,high,,0,,,,0,,1,smartphone and phone/internet contract provided,False,,1,individual face-to-face and written instruction on smartphone and app use,0,,False,,,,False,,,,,,,,"{'prompt_version': 'v11', 'model': 'ds-flash', 'extracted_at': '2026-05-08T00:04:27.092102'}",Primary
5737,control,usual care,False,,73,180.0,180.0,360.0,False,,COPD,50.68,49.32,37.0,36.0,False,,63.0,8.0,,,26.7,,Mean 26.7 (SE 0.6),,,,,,,,,,,53.0,15.0,,"FEV1_L_mean: 1.48~FEV1_L_sd: 0.43~FVC_L_mean: 3.48~FVC_L_sd: 0.98~FVC_pct_mean: 99~FVC_pct_sd: 19~6MWD_mean: 459~6MWD_sd: 73~6MWD_pct_pred_mean: 79~6MWD_pct_pred_sd: 12~CRQ_dyspnea_mean: 4.8~CRQ_dyspnea_sd: 1.3~CRQ_fatigue_mean: 4.2~CRQ_fatigue_sd: 1.2~CRQ_emotion_mean: 4.8~CRQ_emotion_sd: 1.2~CRQ_mastery_mean: 5.3~CRQ_mastery_sd: 1.1~other: steps per day (weekday): 5717 (SD 2870)~other: steps per day (weekend): 5328 (SD 3424)~other: METs: 1.55 (SD 0.41)~other: long-term physiotherapy: 58 (79.45%)~other: BMI categories: Underweight 2 (2.74%), Normal 27 (36.99%), Overweight 22 (30.14%), Obese 22 (30.14%)",1,usual care in primary care physiotherapy practice,high,,0,,,,0,,0,,False,,0,,0,,False,,,,False,,,,,,,,"{'prompt_version': 'v11', 'model': 'ds-flash', 'extracted_at': '2026-05-08T00:04:27.092102'}",Primary
5777,treat1,mobile phone-based home walking exercise with remote monitoring and telephone reinforcement,False,,12,180.0,0.0,180.0,False,,COPD,0.0,100.0,0.0,12.0,False,,71.4,,1.9,,22.4,,,,,,,,,,,,,63.5,,,SGRQ_total_mean: 32.0 (SE 4.0)~ISWT_mean: 261.5 (SE 29.9)~FVC_L_mean: 2.2 (SE 0.2)~FVC_pct_mean: 67.5 (SE 4.9)~FEV1_L_mean: 1.5 (SE 0.2)~FEV1_FVC_ratio_mean: 64.9 (SE 4.6)~IC_mean: 1.2 (SE 0.1)~other: IC after ISWT 1.2 (SE 0.1)~other: Delta IC -0.05 (SE 0.1)~other: GOLD moderate-to-severe airflow limitation,2,"home-based walking exercise with mobile phone guidance and remote monitoring by hospital-based health professionals; regular clinic visits at 1,2,3,6 months",moderate,"Step 1: clinical responsibility with hospital specialist (suggests 2), delivery at home (suggests 3). Step 2: health professionals provided telephone reinforcement and clinic follow-up, confirming ongoing hospital involvement. Coded 2.",0,,,,1,possession of a mobile phone capable of running Java application required (implied by intervention),0,,False,,1,health-care member or family learned how to use the exercise program on the phone; patients were helped to confirm connection,0,,False,,,,False,,,,,,,,"{'prompt_version': 'v11', 'model': 'ds-flash', 'extracted_at': '2026-05-08T00:08:46.838376'}",Secondary
5777,control,"home walking exercise with verbal encouragement only, no telephone reinforcement",False,,14,180.0,0.0,180.0,False,,COPD,0.0,100.0,0.0,14.0,False,,71.9,,2.7,,24.5,,,,,,,,,,,,,54.2,,,SGRQ_total_mean: 38.1 (SE 4.2)~ISWT_mean: 251.4 (SE 21.0)~FVC_L_mean: 1.9 (SE 0.1)~FVC_pct_mean: 58.2 (SE 4.2)~FEV1_L_mean: 1.2 (SE 0.2)~FEV1_FVC_ratio_mean: 63.4 (SE 2.9)~IC_mean: 1.2 (SE 0.1)~other: IC after ISWT 1.2 (SE 0.1)~other: Delta IC -0.04 (SE 0.1)~other: GOLD moderate-to-severe airflow limitation,2,"home-based walking exercise with verbal encouragement only; regular clinic visits at 1,2,3,6 months",moderate,"Step 1: clinical responsibility with hospital specialist (suggests 2), delivery at home (suggests 3). Step 2: health professionals provided clinic follow-up, confirming ongoing hospital involvement. Coded 2.",0,,,,0,,0,,False,,0,,0,,False,,,,False,,,,,,,,"{'prompt_version': 'v11', 'model': 'ds-flash', 'extracted_at': '2026-05-08T00:08:46.838376'}",Secondary
5787,treat1,mobile health application programme for self-management in addition to routine care,False,,39,365.0,0.0,365.0,False,,COPD,33.33,66.67,13.0,26.0,False,,63.2,7.5,,,,,,,,,,,Never smoked: 14 (35.90%)~Ex-smoker: 14 (35.90%)~Current smoker: 11 (28.21%),93.3,7.5,,,43.7,13.2,,"GOLD_stage: Mild: 5.13%, Moderate: 38.46%, Severe: 30.77%, Very severe: 25.64%~disease_duration_years_mean: 7.26~disease_duration_years_sd: 2.51~CAT_mean: 22.6~CAT_sd: 4.3~mMRC_mean: 2.4~mMRC_sd: 0.5~other: CSMS_total_mean: 123.8~other: CSMS_total_sd: 14.6~other: CSMS_symptom_management_mean: 14.8~other: CSMS_symptom_management_sd: 2.7~other: CSMS_daily_life_management_mean: 40.8~other: CSMS_daily_life_management_sd: 8.4~other: CSMS_emotion_management_mean: 30.2~other: CSMS_emotion_management_sd: 5.3~other: CSMS_information_management_mean: 11.9~other: CSMS_information_management_sd: 3.7~other: CSMS_self_efficacy_mean: 24.5~other: CSMS_self_efficacy_sd: 6.9~other: any comorbidity: 15 (38.46%)",2,home-based mobile health app with remote support from hospital respiratory nurses; recruited from hospital ward,moderate,"Step 1 split: clinical responsibility with hospital team (suggests 2), delivery home-based (suggests 3). Step 2 provider type (hospital nurses) and recruitment source (hospital ward) confirmed 2.",0,,,,1,access to a smartphone and broadband internet connection required; excluded if unable to use mobile health applications,0,,False,,1,training in the use of the mobile health application provided before discharge,0,,False,,,,False,,,,,,,,"{'prompt_version': 'v11', 'model': 'ds-flash', 'extracted_at': '2026-05-08T00:04:39.214180', 'study_info': {'n_arms': 2, 'arm_labels': ['control', 'intervention']}}",Secondary
5787,control,routine care including health education from a respiratory nurse at discharge,False,,39,365.0,0.0,365.0,False,,COPD,25.64,74.36,10.0,29.0,False,,64.4,7.0,,,,,,,,,,,Never smoked: 15 (38.46%)~Ex-smoker: 13 (33.33%)~Current smoker: 11 (28.21%),90.1,6.8,,,45.4,11.5,,"GOLD_stage: Mild: 5.13%, Moderate: 35.90%, Severe: 38.46%, Very severe: 20.51%~disease_duration_years_mean: 5.77~disease_duration_years_sd: 3.48~CAT_mean: 21.2~CAT_sd: 3.3~mMRC_mean: 2.6~mMRC_sd: 0.7~other: CSMS_total_mean: 126.3~other: CSMS_total_sd: 15.7~other: CSMS_symptom_management_mean: 15.1~other: CSMS_symptom_management_sd: 2.5~other: CSMS_daily_life_management_mean: 41.3~other: CSMS_daily_life_management_sd: 7.9~other: CSMS_emotion_management_mean: 29.7~other: CSMS_emotion_management_sd: 6.4~other: CSMS_information_management_mean: 11.4~other: CSMS_information_management_sd: 3.2~other: CSMS_self_efficacy_mean: 25.5~other: CSMS_self_efficacy_sd: 7.4~other: any comorbidity: 18 (46.15%)",2,routine care at discharge from hospital; recruited from hospital ward,moderate,"Step 1 split: clinical responsibility with hospital team (suggests 2), delivery at discharge (suggests 2). Step 2 recruitment source (hospital ward) confirmed 2.",0,,,,1,access to a smartphone and broadband internet connection required; excluded if unable to use mobile health applications,0,,False,,0,,0,,False,,,,False,,,,,,,,"{'prompt_version': 'v11', 'model': 'ds-flash', 'extracted_at': '2026-05-08T00:04:39.214180', 'study_info': {'n_arms': 2, 'arm_labels': ['control', 'intervention']}}",Secondary
5973,treat1,"intervention group (telephone calls, pedometer feedback, goal setting during maintenance)",False,,42,420.0,0.0,420.0,False,,COPD,28.57,71.43,12.0,30.0,False,,70.0,7.0,,,,,,,,,,,,,,,,43.0,16.0,,,2,"initial 2-month supervised outpatient PR, then 12-month home-based maintenance with telephone support and pedometer feedback from hospital physiotherapists",high,,0,,,,0,,0,,False,,0,,0,,False,,,,False,,,,,,,,"{'prompt_version': 'v11', 'model': 'ds-flash', 'extracted_at': '2026-05-08T00:05:20.037546', 'study_info': {'n_arms': 2, 'arm_labels': ['intervention', 'usual care']}}",Secondary
5973,control,usual care group (unsupervised walking training during maintenance),False,,44,420.0,0.0,420.0,False,,COPD,47.73,52.27,21.0,23.0,False,,69.0,9.0,,,,,,,,,,,,,,,,44.0,15.0,,,3,"initial 2-month supervised outpatient PR, then 12-month unsupervised home-based walking with no further clinical contact",moderate,"Only initial 2 months had clinical contact; 12-month maintenance is unsupervised home-based, coded 3 (community). Alternative: 2 if outpatient program retains responsibility.",0,,,,0,,0,,False,,0,,0,,False,,,,False,,,,,,,,"{'prompt_version': 'v11', 'model': 'ds-flash', 'extracted_at': '2026-05-08T00:05:20.037546', 'study_info': {'n_arms': 2, 'arm_labels': ['intervention', 'usual care']}}",Community
5974,treat1,"telephone calls, pedometer biofeedback, progressive goal setting",False,,49,420.0,0.0,420.0,False,,COPD,48.98,51.02,24.0,25.0,False,,70.0,7.0,,,24.0,5.0,,,,,,,Current: 9 (18.37%)~non-smoking (inferred): 40,,,,,43.0,15.0,,"HADS_anxiety_mean: 6~HADS_anxiety_sd: 4~HADS_depression_mean: 5~HADS_depression_sd: 4~FEV1_L_mean: 1.08~FEV1_L_sd: 0.37~FVC_L_mean: 2.60~FVC_L_sd: 0.72~FVC_pct_mean: 75~FVC_pct_sd: 16~FEV1_FVC_ratio_mean: 43~FEV1_FVC_ratio_sd: 13~TLC_pct_mean: 114~TLC_pct_sd: 33~FRC_pct_mean: 148~FRC_pct_sd: 60~RV_pct_mean: 157~RV_pct_sd: 76~RV_TLC_ratio_mean: 53~RV_TLC_ratio_sd: 9~DLCO_pct_mean: 43~DLCO_pct_sd: 16~GOLD_stage: II: 46.94%, III: 36.73%, IV: 16.33%~comorbid_hypertension_pct: 44.90%~comorbid_cardiac_pct: 38.78%~comorbid_diabetes_pct: 2.04%~comorbid_asthma_pct: 14.29%~comorbid_bronchiectasis_pct: 2.04%~comorbid_other_respiratory_pct: 8.16%~comorbid_cancer_pct: 6.12%~comorbid_non_cardiac_surgery_pct: 10.20%~comorbid_neurological_pct: 0.00%~comorbid_psychological_pct: 14.29%~comorbid_increased_cholesterol_pct: 18.37%~comorbid_musculoskeletal_pct: 42.86%~comorbid_other_pct: 59.18%~SGRQ_total_mean: 46~SGRQ_total_sd: 18~SGRQ_symptoms_mean: 57~SGRQ_symptoms_sd: 22~SGRQ_activity_mean: 62~SGRQ_activity_sd: 20~SGRQ_impact_mean: 32~SGRQ_impact_sd: 17~6MWD_mean: 458~6MWD_sd: 87~ISWT_mean: 315~ISWT_sd: 107~ESWT_mean: 304~ESWT_sd: 210",2,home-based maintenance walking with telephone support from physiotherapists; participants recruited from outpatient PR programmes,moderate,"Step 1 split: clinical responsibility with outpatient pulmonology team (suggests 2), delivery home-based (suggests 3). Step 2 provider type (physiotherapist-provided telephone support) confirmed 2.",0,,,,0,,0,,True,Unclear if participants used their own telephone for receiving calls; no mention of phone provision,0,,0,,False,,,,False,,,,,,,,"{'prompt_version': 'v11', 'model': 'ds-flash', 'extracted_at': '2026-05-08T00:06:06.032903', 'study_info': {'n_arms': 2, 'arm_labels': ['intervention group', 'control group']}}",Secondary
5974,control,unsupervised maintenance walking with diaries,False,,46,420.0,0.0,420.0,False,,COPD,34.78,65.22,16.0,30.0,False,,69.0,9.0,,,26.0,5.0,,,,,,,Current: 6 (13.04%)~non-smoking (inferred): 40,,,,,43.0,15.0,,"HADS_anxiety_mean: 7~HADS_anxiety_sd: 4~HADS_depression_mean: 5~HADS_depression_sd: 3~FEV1_L_mean: 1.18~FEV1_L_sd: 0.46~FVC_L_mean: 2.82~FVC_L_sd: 0.95~FVC_pct_mean: 76~FVC_pct_sd: 19~FEV1_FVC_ratio_mean: 43~FEV1_FVC_ratio_sd: 14~TLC_pct_mean: 110~TLC_pct_sd: 17~FRC_pct_mean: 139~FRC_pct_sd: 34~RV_pct_mean: 142~RV_pct_sd: 40~RV_TLC_ratio_mean: 50~RV_TLC_ratio_sd: 10~DLCO_pct_mean: 45~DLCO_pct_sd: 17~GOLD_stage: II: 36.96%, III: 52.17%, IV: 10.87%~comorbid_hypertension_pct: 39.13%~comorbid_cardiac_pct: 36.96%~comorbid_diabetes_pct: 6.52%~comorbid_asthma_pct: 13.04%~comorbid_bronchiectasis_pct: 0.00%~comorbid_other_respiratory_pct: 10.87%~comorbid_cancer_pct: 8.70%~comorbid_non_cardiac_surgery_pct: 10.87%~comorbid_neurological_pct: 2.17%~comorbid_psychological_pct: 17.39%~comorbid_increased_cholesterol_pct: 21.74%~comorbid_musculoskeletal_pct: 39.13%~comorbid_other_pct: 73.91%~SGRQ_total_mean: 47~SGRQ_total_sd: 16~SGRQ_symptoms_mean: 55~SGRQ_symptoms_sd: 22~SGRQ_activity_mean: 66~SGRQ_activity_sd: 19~SGRQ_impact_mean: 35~SGRQ_impact_sd: 19~6MWD_mean: 467~6MWD_sd: 80~ISWT_mean: 317~ISWT_sd: 112~ESWT_mean: 317~ESWT_sd: 186",2,home-based unsupervised maintenance walking; participants recruited from outpatient PR programmes,moderate,"Step 1 split: clinical responsibility with outpatient pulmonology team (suggests 2), delivery home-based (suggests 3). Step 2 provider type (physiotherapist-provided telephone support for IG, but CG not receiving calls) still under same trial oversight, confirmed 2.",0,,,,0,,0,,True,Unclear if participants used their own telephone for receiving calls; no mention of phone provision,0,,0,,False,,,,False,,,,,,,,"{'prompt_version': 'v11', 'model': 'ds-flash', 'extracted_at': '2026-05-08T00:06:06.032903', 'study_info': {'n_arms': 2, 'arm_labels': ['intervention group', 'control group']}}",Secondary
6039,treat1,network consulting room (Internet hospital) management after discharge,False,,120,365.0,0.0,365.0,False,,COPD,40.0,60.0,48.0,72.0,False,,65.42,0.62,,,,,,,,,,,Current or previous smokers: 108 (90.00%)~non-smoking (inferred): 12,,,,,40.98,9.86,,"FEV1_FVC_ratio_mean: 54.08~FEV1_FVC_ratio_sd: 6.38~GOLD_stage: I: 10.00%, II: 22.50%, III: 55.83%, IV: 11.67%~CAT_mean: 22.94~CAT_sd: 2.64~disease_duration_years_mean: 16.50~disease_duration_years_sd: 4.32",2,remote management via network consulting room by hospital doctors; patients at home,moderate,"Step 1 split: clinical responsibility with hospital specialist (suggests 2), delivery at home (suggests 3). Step 2 provider type (hospital doctor delivers remote care) confirmed 2.",0,,,,0,,0,,True,Paper does not specify whether patients needed their own device (smartphone/computer) to access the network consulting room.,0,,0,,False,,,,True,,,,,,Primary school: 35.00%~Junior high school: 38.33%~Higher than junior high school: 26.67%,,"{'prompt_version': 'v11', 'model': 'ds-flash', 'extracted_at': '2026-05-08T00:10:42.379283', 'study_info': {'n_arms': 2, 'arm_labels': ['control', 'intervention']}}",Secondary
6039,control,traditional management mode with phone follow-up,False,,120,365.0,0.0,365.0,False,,COPD,33.33,66.67,40.0,80.0,False,,64.65,0.88,,,,,,,,,,,Current or previous smokers: 104 (86.67%)~non-smoking (inferred): 16,,,,,41.08,9.27,,"FEV1_FVC_ratio_mean: 53.47~FEV1_FVC_ratio_sd: 6.62~GOLD_stage: I: 8.33%, II: 20.83%, III: 58.33%, IV: 12.50%~CAT_mean: 23.08~CAT_sd: 2.68~disease_duration_years_mean: 15.90~disease_duration_years_sd: 5.02",2,phone follow-up by hospital doctors; patients at home,moderate,"Step 1 split: clinical responsibility with hospital specialist (suggests 2), delivery at home (suggests 3). Step 2 provider type (hospital doctor delivers remote care) confirmed 2.",0,,,,0,,0,,True,Paper does not specify whether patients needed their own device (smartphone/computer) to access the network consulting room.,0,,0,,False,,,,True,,,,,,Primary school: 38.33%~Junior high school: 33.33%~Higher than junior high school: 28.33%,,"{'prompt_version': 'v11', 'model': 'ds-flash', 'extracted_at': '2026-05-08T00:10:42.379283', 'study_info': {'n_arms': 2, 'arm_labels': ['control', 'intervention']}}",Secondary
6159,treat1,"telerehabilitation with treadmill, pulse oximeter, tablet, videoconferencing",False,,40,730.0,0.0,730.0,False,,COPD,42.5,57.5,17.0,23.0,False,,64.9,7.1,,,27.0,6.0,,,,,,,Current: 8 (20.00%)~Ex-smoker: 31 (77.50%)~Never smoked: 1 (2.50%),31.0,17.0,,,40.4,16.5,,"FEV1_L_mean: 1.18~FEV1_L_sd: 0.61~FEV1_FVC_ratio_mean: 50.1~FEV1_FVC_ratio_sd: 14.8~FVC_L_mean: 2.48~FVC_L_sd: 0.89~FVC_pct_mean: 68.9~FVC_pct_sd: 19.1~disease_duration_years_mean: 8~disease_duration_years_sd: 7~LTOT_pct: 30.00%~mMRC_distribution: 0: 0 (0.00%), 1: 14 (35.00%), 2: 13 (32.50%), 3: 10 (25.00%), 4: 3 (7.50%)~BODE_index: 0-2: 11 (27.50%), 3-4: 13 (32.50%), 5-6: 12 (30.00%), 7-10: 4 (10.00%)~other: Comorbidities count: 2.9 ± 1.6~6MWD_mean: 367~6MWD_sd: 125~CAT_mean: 19.6~CAT_sd: 6.2~mMRC_mean: 2.1~mMRC_sd: 1.0~EQ5D_mean: 0.739~EQ5D_sd: 0.110~EQ5D_VAS_mean: 51.9~EQ5D_VAS_sd: 21.0~GSES_mean: 30.7~GSES_sd: 5.4~other: HADS free from anxiety baseline: 30/40 (75.00%)~other: HADS free from depression baseline: 35/40 (87.50%)",2,home-based telerehabilitation with remote supervision by hospital-employed physiotherapist; participants recruited from hospital pulmonary departments,moderate,"Step 1 split: clinical responsibility lies with hospital specialist physiotherapist (suggests 2), but delivery is home-based via tablet and treadmill (suggests 3). Step 2 provider type (hospital-employed physiotherapist delivers remote supervision) confirmed 2.",0,,,,1,"home environment not suitable for installation and use of rehabilitation and monitoring equipment (e.g., limited space for the treadmill and internet connection not good enough)",1,"treadmill, pulse oximeter, tablet computer, and holder provided",False,,0,,0,,True,,"Daily user or nearly every day: 25 (62.50%)~At least once a week, but not every day: 8 (20.00%)~No experience: 7 (17.50%)",,True,,Alone: 19 (47.50%)~With spouse: 15 (37.50%)~With family: 5 (12.50%)~With friends: 1 (2.50%)~Supported accommodation: 0 (0.00%),,Working: 5 (12.50%)~Retired: 35 (87.50%),,,,"{'prompt_version': 'v11', 'model': 'ds-flash', 'extracted_at': '2026-05-08T00:06:26.032384', 'study_info': {'n_arms': 3, 'arm_labels': ['telerehabilitation', 'unsupervised training', 'control']}}",Secondary
6159,treat2,unsupervised home training with treadmill only,False,,40,730.0,0.0,730.0,False,,COPD,50.0,50.0,20.0,20.0,False,,64.0,7.7,,,28.0,7.0,,,,,,,Current: 11 (27.50%)~Ex-smoker: 28 (70.00%)~Never smoked: 1 (2.50%),38.0,21.0,,,44.6,17.1,,"FEV1_L_mean: 1.21~FEV1_L_sd: 0.52~FEV1_FVC_ratio_mean: 49.5~FEV1_FVC_ratio_sd: 12.8~FVC_L_mean: 2.60~FVC_L_sd: 0.75~FVC_pct_mean: 75.4~FVC_pct_sd: 18.2~disease_duration_years_mean: 10~disease_duration_years_sd: 8~LTOT_pct: 22.50%~mMRC_distribution: 0: 2 (5.00%), 1: 12 (30.00%), 2: 13 (32.50%), 3: 12 (30.00%), 4: 1 (2.50%)~BODE_index: 0-2: 11 (27.50%), 3-4: 17 (42.50%), 5-6: 9 (22.50%), 7-10: 3 (7.50%)~other: Comorbidities count: 2.7 ± 1.7~6MWD_mean: 367~6MWD_sd: 111~CAT_mean: 20.1~CAT_sd: 6.3~mMRC_mean: 1.9~mMRC_sd: 1.0~EQ5D_mean: 0.744~EQ5D_sd: 0.155~EQ5D_VAS_mean: 52.0~EQ5D_VAS_sd: 17.7~GSES_mean: 31.4~GSES_sd: 5.3~other: HADS free from anxiety baseline: 31/40 (77.50%)~other: HADS free from depression baseline: 33/40 (82.50%)",3,home-based unsupervised exercise with treadmill; no ongoing clinical supervision; participants recruited from hospital pulmonary departments,moderate,"Only delivery location described (home-based, suggests 3). No explicit clinical responsibility. Step 2: no provider type described; recruitment from hospital does not override delivery signal.",0,,,,1,"home environment not suitable for installation and use of rehabilitation and monitoring equipment (e.g., limited space for the treadmill and internet connection not good enough)",0,,False,,0,,0,,True,,"Daily user or nearly every day: 26 (65.00%)~At least once a week, but not every day: 9 (22.50%)~No experience: 5 (12.50%)",,True,,Alone: 20 (50.00%)~With spouse: 16 (40.00%)~With family: 4 (10.00%)~With friends: 0 (0.00%)~Supported accommodation: 0 (0.00%),,Working: 8 (20.00%)~Retired: 32 (80.00%),,,,"{'prompt_version': 'v11', 'model': 'ds-flash', 'extracted_at': '2026-05-08T00:06:26.032384', 'study_info': {'n_arms': 3, 'arm_labels': ['telerehabilitation', 'unsupervised training', 'control']}}",Community
6159,control,standard care,False,,40,730.0,0.0,730.0,False,,COPD,42.5,57.5,17.0,23.0,False,,63.5,8.0,,,26.0,6.0,,,,,,,Current: 15 (37.50%)~Ex-smoker: 24 (60.00%)~Never smoked: 1 (2.50%),35.0,16.0,,,40.3,16.1,,"FEV1_L_mean: 1.14~FEV1_L_sd: 0.52~FEV1_FVC_ratio_mean: 46.7~FEV1_FVC_ratio_sd: 14.9~FVC_L_mean: 2.63~FVC_L_sd: 0.91~FVC_pct_mean: 74.4~FVC_pct_sd: 23.7~disease_duration_years_mean: 7~disease_duration_years_sd: 7~LTOT_pct: 15.00%~mMRC_distribution: 0: 4 (10.00%), 1: 12 (30.00%), 2: 10 (25.00%), 3: 12 (30.00%), 4: 2 (5.00%)~BODE_index: 0-2: 11 (27.50%), 3-4: 16 (40.00%), 5-6: 7 (17.50%), 7-10: 6 (15.00%)~other: Comorbidities count: 2.6 ± 2.1~6MWD_mean: 384~6MWD_sd: 111~CAT_mean: 19.7~CAT_sd: 8.1~mMRC_mean: 1.9~mMRC_sd: 1.1~EQ5D_mean: 0.759~EQ5D_sd: 0.180~EQ5D_VAS_mean: 52.4~EQ5D_VAS_sd: 19.6~GSES_mean: 32.0~GSES_sd: 5.8~other: HADS free from anxiety baseline: 28/40 (70.00%)~other: HADS free from depression baseline: 33/40 (82.50%)",2,standard care at hospital outpatient pulmonary clinic (recruitment site),moderate,"Control described only as 'standard care' with no specific setting. Recruitment from hospital pulmonary departments suggests hospital-based care. Step 1: clinical responsibility inferred as hospital specialist (suggests 2), delivery location not specified but likely hospital outpatient (suggests 2). Both signals agree but inferred.",0,,,,1,"home environment not suitable for installation and use of rehabilitation and monitoring equipment (e.g., limited space for the treadmill and internet connection not good enough)",0,,False,,0,,0,,True,,"Daily user or nearly every day: 28 (70.00%)~At least once a week, but not every day: 5 (12.50%)~No experience: 7 (17.50%)",,True,,Alone: 17 (42.50%)~With spouse: 15 (37.50%)~With family: 7 (17.50%)~With friends: 1 (2.50%)~Supported accommodation: 0 (0.00%),,Working: 11 (27.50%)~Retired: 29 (72.50%),,,,"{'prompt_version': 'v11', 'model': 'ds-flash', 'extracted_at': '2026-05-08T00:06:26.032384', 'study_info': {'n_arms': 3, 'arm_labels': ['telerehabilitation', 'unsupervised training', 'control']}}",Secondary
